id,name,key,password,re-password,email,status,create_at,updatte_at,role,,,,,,,,,,,,,,
1,Barrett,10-400 - Identification Devices,Omu1tZWaPLgu,urm5rDtO8Tn,bbooler0@themeforest.net,FALSE,3/3/2022,6/18/2022,Transgender Woman,"(1,'Barrett','10-400 - Identification Devices','Omu1tZWaPLgu','urm5rDtO8Tn','bbooler0@themeforest.net','FALSE','44623',",,,,,,,,,,,,,'44623
2,Bartlett,7-050 - Basic Thermal and Moisture Protection Materials and Methods,AvPHyxd,HbnYvWmxB,bgoodlad1@bloglines.com,FALSE,3/5/2022,11/23/2021,Cisgender Woman,,,,,,,,,,,,,,
3,Yalonda,3-310 - Expansion Joints,QaAvwGGt,hVZGcWIK,yepilet2@sun.com,TRUE,2/8/2022,8/5/2022,Cis,,,,,,,,,,,,,,
4,Celene,13-165 - Aquatic Park Facilities,W8hfBr4a12KQ,bdP4nHLH9yW,cwetter3@va.gov,FALSE,10/27/2021,4/14/2022,Transfeminine,,,,,,,,,,,,,,
5,Lockwood,1-518 - Temporary Water,jSlbIDW2,Ot5k71NvHt,lstubbes4@reference.com,FALSE,9/14/2021,6/23/2022,Transgender Male,,,,,,,,,,,,,,
6,Peg,16-700 - Communications,5Dxznhn,gWhSNoIHFk,pdendon5@weather.com,FALSE,9/11/2021,12/13/2021,Cis Female,,,,,,,,,,,,,,
7,Merrie,15-800 - Air Distribution,i0GcDHRmaQb,C2DmoHl0QJ,mchaff6@dailymotion.com,TRUE,7/22/2022,12/19/2021,Cisgender Woman,,,,,,,,,,,,,,
8,Stesha,1-740 - Cleaning,zuOPj8fiS,p9r7NPlkVo0,ssporle7@twitter.com,FALSE,11/4/2021,11/13/2021,Male to Female,,,,,,,,,,,,,,
9,Kaylee,3-300 - Footings,C7N4NzjQsA,49MeUPt5vP5,kstanbra8@boston.com,FALSE,11/4/2021,11/21/2021,Transsexual Woman,,,,,,,,,,,,,,
10,Kelci,17 - Markup and Contingency,O9z53z9,M449oQ4oah5K,kcrips9@archive.org,FALSE,11/7/2021,12/3/2021,Transsexual Person,,,,,,,,,,,,,,
11,Stormi,3-000 - General,35PKnsK9s,qZqAhzbVs,slendena@kickstarter.com,TRUE,1/5/2022,4/28/2022,Cis Woman,,,,,,,,,,,,,,
12,Elmira,2-740 - Flexible Pavement Asphalt Pavement,DDEfOuB3tqg,k5aX5xpTECH,edarvilleb@webeden.co.uk,TRUE,3/17/2022,6/30/2022,Cisgender Female,,,,,,,,,,,,,,
13,Godfry,2-362 - Termite Control,aU5zFX,jfOzVfJUJRw,gallcockc@twitpic.com,TRUE,12/21/2021,4/20/2022,Androgynous,,,,,,,,,,,,,,
14,Anabelle,10-240 - Grilles and Screens,5VurQRH,8SGYDdm,aellissd@oracle.com,FALSE,9/4/2021,4/5/2022,Trans Person,,,,,,,,,,,,,,
15,Aurie,13-030 - Special Purpose Rooms,FGN8FA,EiJgrq6SGe6,anettleshipe@nyu.edu,TRUE,1/18/2022,1/25/2022,Transgender Female,,,,,,,,,,,,,,
16,Fabien,12-050 - Fabrics,4yL0TtwKd,tXmwQGw149,fmouldingf@scientificamerican.com,TRUE,11/28/2021,11/17/2021,Cisgender,,,,,,,,,,,,,,
17,Roi,1-630 - Product Substitution Procedures,Tod4eKYTYfU,bOSNTOgjVgSP,rfetherstonhaughg@github.io,TRUE,10/27/2021,12/13/2021,Transgender,,,,,,,,,,,,,,
18,Flo,8-700 - Hardware,vZ6elYfc,GZXECIfSpMaE,flongwoodh@nydailynews.com,FALSE,5/25/2022,6/23/2022,Cisgender Woman,,,,,,,,,,,,,,
19,Yorke,10-100 - Visual Display Boards,Fbqda0xxG,3qUUPNP8is,yseabornei@xing.com,TRUE,2/5/2022,5/30/2022,Gender Fluid,,,,,,,,,,,,,,
20,Lynna,11-500 - Industrial and Process Equipment,DYRdrE,upQZfOrhKg,lkieltj@wix.com,TRUE,3/10/2022,4/13/2022,Gender Fluid,,,,,,,,,,,,,,
21,Ingmar,15-300 - Fire Protection Piping,wQMZc9d5u1q,PaMlMi8NI,idobsonsk@ibm.com,TRUE,12/25/2021,3/21/2022,Transgender Man,,,,,,,,,,,,,,
22,Tabina,13-200 - Storage Tanks,GD8unyMqSIAl,nzHcZole,tfillisl@ucoz.com,TRUE,3/1/2022,11/5/2021,Pangender,,,,,,,,,,,,,,
23,Zaria,13-100 - Lightning Protection,3LdUEA,78KRfpSlrBv,zclareym@parallels.com,TRUE,4/4/2022,10/14/2021,Neither,,,,,,,,,,,,,,
24,Rosana,7-600 - Flashing and Sheet Metal,3vyJJGx6K,ZQ6m4OEK,rbraffertonn@ft.com,TRUE,6/14/2022,6/28/2022,Cisgender Female,,,,,,,,,,,,,,
25,Lila,1-712 - Local Conditions,eo57jCMy2,qLsxke,ltwyningo@facebook.com,FALSE,9/24/2021,10/6/2021,Transgender Person,,,,,,,,,,,,,,
26,Alonso,1-700 - Execution Requirements,zGDtbVDbYSeo,rCJ6IYgQw,atuttlep@jiathis.com,FALSE,8/18/2022,1/6/2022,Other,,,,,,,,,,,,,,
27,Sibby,2-362 - Termite Control,NY48i9BQbp,uvbSmNhJ,stelfordq@netscape.com,TRUE,11/5/2021,11/12/2021,Intersex,,,,,,,,,,,,,,
28,Thaddus,11-850 - Navigation Equipment,9DwPoliWIx,WIrJtQub,tsaintepaulr@amazon.co.uk,FALSE,12/16/2021,1/10/2022,Transgender Person,,,,,,,,,,,,,,
29,Morly,6-050 - Basic Wood and Plastic Materials and Methods,Zxfu3fjc,x13hPBH,mstegels@parallels.com,TRUE,7/4/2022,5/29/2022,Cisgender,,,,,,,,,,,,,,
30,Ferguson,16-300 - Transmission and Distribution,qBBr55vKf,etxtPKSgf,fcarnsont@vk.com,TRUE,10/15/2021,10/27/2021,Trans Person,,,,,,,,,,,,,,
31,Elana,2-200 - Site Preparation,CWJ9ERt17w,J9h67kR,ebresnahanu@chron.com,FALSE,1/2/2022,10/31/2021,Male to Female,,,,,,,,,,,,,,
32,Antone,11-140 - Vehicle Service Equipment,Bo1WJWV4vKc,7OeJXX2Qfl8E,aspriginv@tmall.com,TRUE,8/19/2022,5/6/2022,Neutrois,,,,,,,,,,,,,,
33,Vernor,2-250 - Shoring and Underpinning,4cf3WIj,N0xl2gHninx,vsimcoew@wsj.com,TRUE,1/25/2022,5/8/2022,Transgender Female,,,,,,,,,,,,,,
34,Atlante,11-300 - Fluid Waste Treatment and Disposal Equipment,T6BoiAInf,tVe4QebYeO,alavenderx@oracle.com,FALSE,3/6/2022,11/30/2021,Transsexual Female,,,,,,,,,,,,,,
35,Kendell,2 - Site Construction,b3o035bj3f,WUc0LgO,kmugfordy@webeden.co.uk,TRUE,6/22/2022,1/28/2022,Trans,,,,,,,,,,,,,,
36,Gustav,11-680 - Office Equipment,v4wHtm,1G9rnpdtD,gdefreitasz@discovery.com,TRUE,10/14/2021,1/4/2022,Androgyne,,,,,,,,,,,,,,
37,Atlanta,8-200 - Wood and Plastic Doors,yu9Qfvs,aHe9e1,agreatbank10@t-online.de,TRUE,2/11/2022,9/18/2021,Cisgender,,,,,,,,,,,,,,
38,Stacey,11-300 - Fluid Waste Treatment and Disposal Equipment,fMZxnw,hBKTY9y,svaudrey11@wunderground.com,TRUE,1/2/2022,7/19/2022,Trans Male,,,,,,,,,,,,,,
39,Norris,4-900 - Masonry Restoration and Cleaning,WyR8tY7y4j,tLIEQTzEzj,neichmann12@squarespace.com,FALSE,11/30/2021,5/6/2022,Bigender,,,,,,,,,,,,,,
40,Ardyce,"15-950 - Testing, Adjusting, and Balancing",W9FZSjWXKXP,blEV0HkT,aparradye13@ning.com,TRUE,8/18/2022,8/19/2022,Male to Female,,,,,,,,,,,,,,
41,Diannne,10-700 - Exterior Protection,UF4qK1Gw,u7VIWnG,dthrussell14@eventbrite.com,FALSE,2/18/2022,1/14/2022,Transgender Person,,,,,,,,,,,,,,
42,Norma,1-600 - Product Requirements (Scope of Work),B2rmnydBA,bvbDMtjQ,nbennoe15@i2i.jp,TRUE,4/3/2022,9/9/2021,Androgyne,,,,,,,,,,,,,,
43,Malcolm,10-450 - Pedestrian Control Devices,gO6PJ6WH,P7Q858f,mmacconnell16@google.com.au,FALSE,2/3/2022,12/15/2021,Cisgender,,,,,,,,,,,,,,
44,Abeu,2-260 - Excavation Support and Protection,7LiRmzX0RK,pkcG4zdatI5,awordsworth17@homestead.com,FALSE,8/16/2022,7/26/2022,Cisgender,,,,,,,,,,,,,,
45,Archibold,2-781 - Asphalt Pavers,9f26ic,v2tGeB,amadsen18@vistaprint.com,FALSE,12/16/2021,6/6/2022,Two-Spirit,,,,,,,,,,,,,,
46,Mozes,2-919 - Topsoil,XcPaPKMzY9W,g58U1n,mtrevett19@vkontakte.ru,FALSE,5/24/2022,12/14/2021,Transsexual Male,,,,,,,,,,,,,,
47,Jermayne,9-250 - Gypsum Wallboard,H2nXGdF24,R4lwHyA9n,jlavrick1a@spotify.com,TRUE,9/3/2021,10/6/2021,Cisgender Woman,,,,,,,,,,,,,,
48,Carolina,8-800 - Glazing,XBCeR4Uris,YirR1y,creiach1b@weibo.com,FALSE,7/15/2022,6/28/2022,Transsexual Person,,,,,,,,,,,,,,
49,Joe,13-600 - Solar and Wind Energy Equipment,yq86kCpCB,7p5Rw2q,jdomico1c@ed.gov,TRUE,6/10/2022,5/19/2022,Cisgender Woman,,,,,,,,,,,,,,
50,Wenda,11-850 - Navigation Equipment,kP0ClHSxlx,pzFRb9oDVc,wberrisford1d@columbia.edu,FALSE,5/13/2022,8/30/2021,Transsexual Female,,,,,,,,,,,,,,
51,Kizzee,8-200 - Wood and Plastic Doors,Lm2Gcjt,gngyBz,kflinders1e@oracle.com,TRUE,5/20/2022,12/21/2021,Transgender Person,,,,,,,,,,,,,,
52,Nelli,2-850 - Bridges/Footbridges,ntPIWH,XoVrayAenT,nemeline1f@prlog.org,TRUE,7/29/2022,8/3/2022,Cis Man,,,,,,,,,,,,,,
53,Rossy,6-900 - Wood and Plastic Restoration and Cleaning,WOG8WG4EWv,WJ2oavZ,roldrey1g@wufoo.com,FALSE,11/4/2021,10/3/2021,Trans Female,,,,,,,,,,,,,,
54,Esme,9 - Finishes,l7uuOi54I9U,Gc0gDZpd,erobelow1h@dell.com,TRUE,11/29/2021,8/3/2022,Cis Man,,,,,,,,,,,,,,
55,Butch,15 - Mechanical,W3FwZR,KMR26d7,bzealy1i@bing.com,TRUE,6/7/2022,7/16/2022,Cisgender Woman,,,,,,,,,,,,,,
56,Seamus,11-150 - Parking Control Equipment,sRTUkQVZ,Qj7p2IEuH,sdalliwater1j@stumbleupon.com,TRUE,1/2/2022,3/15/2022,Transgender Woman,,,,,,,,,,,,,,
57,Guthry,17-040 - Profit,M4roDsdmYPD,wn6NFam,gorto1k@businessweek.com,TRUE,6/7/2022,9/11/2021,Cis Male,,,,,,,,,,,,,,
58,Boyce,9-400 - Terrazzo,o0eyYrULTWh,uMNzI1y2LIp,barnefield1l@cdc.gov,TRUE,6/25/2022,10/14/2021,Cisgender Male,,,,,,,,,,,,,,
59,Sybyl,4-200 - Masonry Units,wmbvqE,SbYtDy6sR,swyldbore1m@alibaba.com,TRUE,6/13/2022,5/28/2022,Cisgender,,,,,,,,,,,,,,
60,Jeffie,14-400 - Lifts,8osC4nMxbV,90lRZW1,jredmire1n@guardian.co.uk,TRUE,3/23/2022,8/2/2022,Gender Nonconforming,,,,,,,,,,,,,,
61,Odelle,13-110 - Cathodic Protection,Dl0Kaca5,MqGwt1J,omassinger1o@constantcontact.com,FALSE,12/27/2021,6/9/2022,Two-Spirit,,,,,,,,,,,,,,
62,Elsworth,16-200 - Electrical Power,v3GJAt1nlh0,M2I8ErVkolp,efallens1p@people.com.cn,FALSE,8/12/2022,7/27/2022,Bigender,,,,,,,,,,,,,,
63,Vikky,8-500 - Windows,UKmbOekaM,sE37bij,vvacher1q@deliciousdays.com,FALSE,10/27/2021,6/25/2022,Androgynous,,,,,,,,,,,,,,
64,Tomlin,2-823 - PVC Fences and Gates,GPGSZ8fk,k9KYqUjQf,tpaulmann1r@imgur.com,TRUE,6/12/2022,11/28/2021,Genderqueer,,,,,,,,,,,,,,
65,Moise,11-190 - Detention Equipment,fcqKMMeDs9jS,GxymevNar9x,mbache1s@google.it,TRUE,4/10/2022,1/29/2022,Transgender Female,,,,,,,,,,,,,,
66,Dolli,1-540 - Construction Aids,UK8yGE,4ky1n2e,dbilfoot1t@unicef.org,FALSE,1/8/2022,1/2/2022,Trans Male,,,,,,,,,,,,,,
67,Ammamaria,10-290 - Pest Control,rkk5BRYa,foqnJTDbC4gc,apunshon1u@bloglovin.com,TRUE,7/16/2022,6/1/2022,Intersex,,,,,,,,,,,,,,
68,Rawley,14-800 - Scaffolding,4C72uye,hhEV7zj,ravrahamian1v@surveymonkey.com,FALSE,1/21/2022,12/31/2021,Trans Woman,,,,,,,,,,,,,,
69,Sharleen,2-362 - Termite Control,3n9Q8geL,oPuerug,stinkham1w@wordpress.org,TRUE,4/16/2022,10/5/2021,Transgender Male,,,,,,,,,,,,,,
70,Addie,10-400 - Identification Devices,x56GRa0,MbdEYNKen,ajiroutka1x@nationalgeographic.com,TRUE,11/12/2021,6/14/2022,Transgender,,,,,,,,,,,,,,
71,Tobey,14-500 - Material Handling,jgFd0pM,UrTvGu4,treedick1y@intel.com,TRUE,1/18/2022,9/10/2021,Trans Male,,,,,,,,,,,,,,
72,Rollin,2-310 - Grading,QYfCmgF8x,L6lhUW5,rcotesford1z@usa.gov,FALSE,11/17/2021,8/24/2021,Pangender,,,,,,,,,,,,,,
73,Moe,10-340 - Manufactured Exterior Specialties,qL3R8bo,ZIWx0ProhF,mkensington20@blogspot.com,FALSE,7/22/2022,9/22/2021,Transfeminine,,,,,,,,,,,,,,
74,Janeta,2-500 - Utility Services,4TSpNWu5,GlAjywmRJX,jrennels21@foxnews.com,FALSE,6/3/2022,5/1/2022,Trans Person,,,,,,,,,,,,,,
75,Flinn,15-500 - Heat-Generation Equipment,hHBmVGmJlSo,nL88deZqFW,fbone22@goodreads.com,TRUE,3/26/2022,5/31/2022,Transsexual Man,,,,,,,,,,,,,,
76,Ella,10 - Specialties,IMA30ft,59FJQOB5Y2C,ecolpus23@dailymotion.com,FALSE,4/25/2022,10/12/2021,Androgynous,,,,,,,,,,,,,,
77,Johannah,2-812 - Drip Irrigation,pxQXghCD,U3cF27aPA0X3,jnotman24@nsw.gov.au,TRUE,12/30/2021,6/10/2022,Transfeminine,,,,,,,,,,,,,,
78,Kayley,6 - Wood and Plastics,XegrGz7VhFQ,lDWwfdvN,kgerling25@un.org,TRUE,6/23/2022,10/14/2021,Transgender Female,,,,,,,,,,,,,,
79,Shelly,5-300 - Metal Deck,oEOt72n,oNQMs2R,snasi26@rambler.ru,TRUE,7/9/2022,11/21/2021,FTM,,,,,,,,,,,,,,
80,Esteban,2-821 - Chain Link Fences,XnO5hjiDjWnp,cE1Ssybl,everacruysse27@cbsnews.com,FALSE,1/31/2022,9/2/2021,Genderqueer,,,,,,,,,,,,,,
81,Aubrey,3-500 - Cementitious Decks and Underlayments,EnUUaqH1l3IB,6gYPXeCw,astilgoe28@nydailynews.com,FALSE,9/30/2021,6/24/2022,Transgender Male,,,,,,,,,,,,,,
82,Gayla,2-812 - Drip Irrigation,tfwzds6Kakxv,pozZsSTtECNI,glinkin29@angelfire.com,TRUE,7/17/2022,3/7/2022,Transgender Woman,,,,,,,,,,,,,,
83,Shannah,5-100 - Structural Metals,rHxB0ozMrpGr,EpavxgVAdL,scorpe2a@nps.gov,TRUE,10/19/2021,10/21/2021,Trans Male,,,,,,,,,,,,,,
84,Veronike,1-530 - Temporary Construction,CeMV8nF,ZqR3cj2,vhethron2b@surveymonkey.com,TRUE,11/2/2021,4/7/2022,Cisgender Male,,,,,,,,,,,,,,
85,Cyrille,13-175 - Ice Rinks,US8VpWe,hZp6SP6,cwithers2c@odnoklassniki.ru,FALSE,3/20/2022,4/21/2022,Cisgender Man,,,,,,,,,,,,,,
86,Rorie,6-500 - Structural Plastics,X8Ab4NWsp7K,I6jxEiP4o,rberthouloume2d@stanford.edu,TRUE,1/15/2022,1/28/2022,Cis Male,,,,,,,,,,,,,,
87,Quintus,12-400 - Furnishings and Accessories,fEtgmAvWr,TwOCtg1,qgoodfellowe2e@dyndns.org,TRUE,11/4/2021,10/30/2021,Gender Nonconforming,,,,,,,,,,,,,,
88,Lesly,4-200 - Masonry Units,1i50lFu,qu6Q3rC,lleneve2f@nih.gov,TRUE,3/27/2022,3/4/2022,Transgender Female,,,,,,,,,,,,,,
89,Carolyne,16 - Electrical,yK4raa,CW8D4o9k,cboise2g@washington.edu,TRUE,2/1/2022,8/7/2022,Neither,,,,,,,,,,,,,,
90,Giulietta,13-030 - Special Purpose Rooms,8S6z9rp,24077Kr0W,gbeste2h@mozilla.com,TRUE,5/22/2022,5/22/2022,Trans Male,,,,,,,,,,,,,,
91,Dov,11-150 - Parking Control Equipment,HupTJwuTL6,ASMkK9O5,dcraighead2i@stumbleupon.com,FALSE,10/26/2021,9/20/2021,Gender Variant,,,,,,,,,,,,,,
92,Fransisco,15-600 - Refrigeration Equipment,969A8rH,Csm3XtauQF,fmizzen2j@cargocollective.com,FALSE,5/28/2022,7/16/2022,Agender,,,,,,,,,,,,,,
93,Cecil,2-821 - Chain Link Fences,hEXPXuR5B8F,FNO6MXSpGc,cmogey2k@timesonline.co.uk,TRUE,10/22/2021,2/6/2022,Transsexual Person,,,,,,,,,,,,,,
94,Modesty,2-315 - Excavation,4PEvgD,kTOrbr7em1OW,mbesnardeau2l@salon.com,FALSE,11/7/2021,8/11/2022,Cis Woman,,,,,,,,,,,,,,
95,Marieann,3-350 - Concrete Finishing,vpk2SA9n6L,U866dpKrTGro,msansum2m@ibm.com,TRUE,8/12/2022,2/24/2022,Neutrois,,,,,,,,,,,,,,
96,Pip,1-511 - Temporary Electricity,nVAvCNL2uD,GbODQRbNFN,pwheal2n@sciencedaily.com,TRUE,2/20/2022,4/21/2022,Neither,,,,,,,,,,,,,,
97,Debi,11-110 - Commercial Laundry and Dry Cleaning Equipment,WZYBOF,B4zVNeVcn,dconiff2o@reuters.com,FALSE,2/27/2022,9/3/2021,Cisgender Man,,,,,,,,,,,,,,
98,Harriette,1-760 - Protecting Installed Construction,rGTEGpf2c90,S2e9sRijBBZ,hmaccleod2p@mozilla.org,TRUE,7/5/2022,10/20/2021,Trans,,,,,,,,,,,,,,
99,Nananne,12-100 - Art,EmApvC7rv6Y,iDs6EmZ,npedgrift2q@rambler.ru,TRUE,12/21/2021,5/17/2022,Gender Fluid,,,,,,,,,,,,,,
100,Atalanta,2-919 - Topsoil,YKSsdEll4,e9yA4eQ,ahedditch2r@posterous.com,FALSE,12/25/2021,10/22/2021,Neutrois,,,,,,,,,,,,,,
