id,name,key,password,re-password,email,status,create_at,updatte_at,role
1,Celestia,14-400 - Lifts,oshFLXW3,yzkvC6q,chachette0@nsw.gov.au,1,2022-06-12,2022-03-16,"'Customer', 'admin', 'manager'"
2,Cathlene,2-370 - Erosion and Sedimentation Control,qTSm7xj,vAeDavFgaaAu,cmcmenamin1@census.gov,2,2021-10-21,2022-03-15,"'Customer', 'admin', 'manager'"
3,Gracie,2-812 - Drip Irrigation,LakiWAdKX,mTcUv4C6,gsawl2@youtu.be,3,2021-12-25,2022-03-27,"'Customer', 'admin', 'manager'"
4,Annadiana,10-600 - Partitions,R6Pzf3,iWH8LN4,acroasdale3@jugem.jp,4,2022-08-06,2022-04-11,"'Customer', 'admin', 'manager'"
5,Teddy,2-900 - Landscaping,lllCmqjsYoT,p7LF5Oe8hu,tredhead4@mysql.com,5,2022-03-24,2022-03-11,"'Customer', 'admin', 'manager'"
6,Nicolis,6-100 - Rough Carpentry,o48RE4,8RYNMP,nnorthley5@ihg.com,6,2021-09-07,2022-01-16,"'Customer', 'admin', 'manager'"
7,Gilligan,10-150 - Compartments and Cubicles,mu2zhlp6,s7WIKt,gattreed6@wikimedia.org,7,2022-01-07,2022-08-15,"'Customer', 'admin', 'manager'"
8,Caldwell,10-240 - Grilles and Screens,JIaGrhDH,oT1tKB9R,cjosham7@cloudflare.com,8,2022-08-18,2022-06-20,"'Customer', 'admin', 'manager'"
9,Genny,"1-514 - Temporary Heating, Cooling and Ventilation",01O8uNoun,7kMJ4A7C,grummin8@zimbio.com,9,2021-11-04,2022-06-08,"'Customer', 'admin', 'manager'"
10,Dennis,13-190 - Site-Constructed Incinerators,YAO7J8P,w5dO2qc,dmathews9@ameblo.jp,10,2022-08-02,2021-11-11,"'Customer', 'admin', 'manager'"
11,Collette,8-300 - Specialty Doors,UKqxNA4,ZpoIJuN2FZ,cashera@biglobe.ne.jp,11,2022-06-02,2021-11-06,"'Customer', 'admin', 'manager'"
12,Salomi,2-311 - Final Grading,6FTV33,HSVz8rDg4x45,sperseyb@tripadvisor.com,12,2021-11-08,2022-06-05,"'Customer', 'admin', 'manager'"
13,Dayle,15 - Mechanical,KxG6sk,r0FcIK42E44,dnazaretc@gmpg.org,13,2022-01-11,2022-02-08,"'Customer', 'admin', 'manager'"
14,Alfie,5-900 - Metal Restoration and Cleaning,7XaCGm,vvtZnl72prB,ahoffmannd@toplist.cz,14,2022-04-21,2022-07-12,"'Customer', 'admin', 'manager'"
15,Brandi,13-185 - Kennels and Animal Shelters,m3XiTg,P3DMrcff,bdickere@list-manage.com,15,2022-03-13,2022-07-28,"'Customer', 'admin', 'manager'"
16,Jorie,15-500 - Heat-Generation Equipment,OTcQuG,oi8IufOy4,jhailstonf@t-online.de,16,2022-05-19,2022-03-17,"'Customer', 'admin', 'manager'"
17,Dallon,11-090 - Checkroom Equipment,ZjSZH9TLYs,bI1XSK9,dschottlig@omniture.com,17,2022-08-03,2022-08-13,"'Customer', 'admin', 'manager'"
18,Samara,13-500 - Recording Instrumentation,JNw1VvfL,uFg0PMhC,spatricheh@ovh.net,18,2021-09-14,2021-09-29,"'Customer', 'admin', 'manager'"
19,Quintilla,15-050 - Basic Mechanical Materials and Methods,UXAV4gzscEw,TupYT28Yyu,qhurlli@foxnews.com,19,2022-07-21,2022-01-16,"'Customer', 'admin', 'manager'"
20,Sella,6-600 - Plastic Fabrications,BunQMa,eJ6x6r6nx6R,sshergillj@github.com,20,2021-11-23,2022-07-27,"'Customer', 'admin', 'manager'"
21,Marilee,10-700 - Exterior Protection,V81Agi1Avq4,wuxJL8aR,mcawstonk@com.com,21,2021-11-24,2022-01-24,"'Customer', 'admin', 'manager'"
22,Waldo,2-310 - Grading,F8HjNgbCaRVo,gIc4Wmc,wjotchaml@uol.com.br,22,2022-05-16,2022-06-04,"'Customer', 'admin', 'manager'"
23,Zacharie,10-100 - Visual Display Boards,VLJUR6kv,wlQ0ByI7,zthurstonm@pcworld.com,23,2022-02-21,2022-04-09,"'Customer', 'admin', 'manager'"
24,Pietrek,2-320 - Excavation and Fill,aDE4zWZZ03,QmUD8VkYX,pphilpinn@va.gov,24,2021-09-05,2021-10-13,"'Customer', 'admin', 'manager'"
25,Robenia,2-740 - Flexible Pavement Asphalt Pavement,N5bAaceqUtYZ,u5qq7XW9cyRa,rhaycoxo@youku.com,25,2022-01-03,2022-08-10,"'Customer', 'admin', 'manager'"
26,Emlyn,5-900 - Metal Restoration and Cleaning,1RRtBJQ,TnCEZTkQ,estobbiep@uol.com.br,26,2021-11-26,2021-09-18,"'Customer', 'admin', 'manager'"
27,Thaine,2-823 - PVC Fences and Gates,FWAZufahk2,ZjmTGpa,twilloughleyq@gravatar.com,27,2022-04-06,2021-11-09,"'Customer', 'admin', 'manager'"
28,Antonia,11-100 - Mercantile Equipment,Nu1stfuxGfj9,VJBZE4igIk8g,ahickissonr@skype.com,28,2022-08-03,2021-11-16,"'Customer', 'admin', 'manager'"
29,Bette,4-050 - Basic Masonry Materials and Methods,EqzzedT8KvM,KQYv9WYW,bsayless@posterous.com,29,2022-04-27,2021-10-04,"'Customer', 'admin', 'manager'"
30,Laina,2-250 - Shoring and Underpinning,YiUvosljEQn,moPlOy,lwicklint@amazon.com,30,2022-07-05,2022-07-26,"'Customer', 'admin', 'manager'"
31,Shea,5-050 - Basic Metal Materials and Methods,8YpgREqp,jEwSstd88,ssoarsu@sogou.com,31,2022-08-07,2021-10-25,"'Customer', 'admin', 'manager'"
32,Loren,2-230 - Site Clearing,MQ7hINJz,NqVFhwHj,lnormanvillv@mac.com,32,2022-02-15,2022-02-11,"'Customer', 'admin', 'manager'"
33,Locke,12-900 - Furnishings Restoration and Repair,7YmJPQQw6L,P4I6TQM1,lchevalierw@themeforest.net,33,2022-08-16,2022-02-06,"'Customer', 'admin', 'manager'"
34,Ulick,13-240 - Oxygenation Systems,bczSwO7,bnUWQVXPxoF,umaccumiskeyx@desdev.cn,34,2022-04-09,2021-12-01,"'Customer', 'admin', 'manager'"
35,Karalee,11-780 - Mortuary Equipment,k2nsGJgP,ophH7M,kaugustusy@nymag.com,35,2021-09-04,2021-09-02,"'Customer', 'admin', 'manager'"
36,Lynea,2-370 - Erosion and Sedimentation Control,Sr5QGj2LBMQc,faz1dE,lastyz@ifeng.com,36,2022-06-11,2021-11-14,"'Customer', 'admin', 'manager'"
37,Pavel,8-400 - Entrances and Storefronts,uG44rWRSovp,tL6RqYYR,pkearsley10@is.gd,37,2022-07-12,2022-06-26,"'Customer', 'admin', 'manager'"
38,Bobbi,4-900 - Masonry Restoration and Cleaning,f6igjUFyC,f8Ttawk,bluckie11@vistaprint.com,38,2021-10-04,2022-02-05,"'Customer', 'admin', 'manager'"
39,Catharine,7-700 - Roof Specialties and Accessories,BVowvtAT,7lN1UC5,ccanwell12@walmart.com,39,2022-01-29,2021-10-07,"'Customer', 'admin', 'manager'"
40,Jorge,13-550 - Transportation Control Instrumentation,UFHIrmNx,7Sxu27yeewxB,jpellett13@independent.co.uk,40,2021-11-11,2021-11-24,"'Customer', 'admin', 'manager'"
41,Harcourt,2-935 - Plant Maintenance,sjBLYZ,s5LZTHAaZqi,hkondratenya14@archive.org,41,2022-04-25,2022-03-04,"'Customer', 'admin', 'manager'"
42,Heriberto,11-080 - Registration Equipment,tY4uD50,XkfQlB2SlxiO,hbenet15@joomla.org,42,2021-11-20,2021-10-09,"'Customer', 'admin', 'manager'"
43,Robyn,11-110 - Commercial Laundry and Dry Cleaning Equipment,Ya05m9z,JOYEXI41tiQ1,rtortis16@livejournal.com,43,2021-12-28,2022-05-27,"'Customer', 'admin', 'manager'"
44,Joshia,4-700 - Simulated Masonry,YKtfxc5D,MId33yzFtZ,jhovert17@blogtalkradio.com,44,2022-02-02,2022-01-16,"'Customer', 'admin', 'manager'"
45,Morna,15-200 - Process Piping,BH0gsgog,PrAHGnXiE,mbanfill18@domainmarket.com,45,2022-06-13,2021-10-01,"'Customer', 'admin', 'manager'"
46,Orran,1-570 - Temporary Controls,LCPAVwTUp0W,EypK2nC7PGke,oclift19@tmall.com,46,2022-07-25,2021-10-22,"'Customer', 'admin', 'manager'"
47,Clarabelle,15-200 - Process Piping,8qF1Sh7g,5wl23ylBq,cfreeberne1a@narod.ru,47,2022-05-05,2022-03-13,"'Customer', 'admin', 'manager'"
48,Joseph,3-330 - Poured Concrete Basement Walls,FpuwEsO2HTP,kAitEY7O,jjinkins1b@angelfire.com,48,2022-08-13,2022-01-29,"'Customer', 'admin', 'manager'"
49,Lexie,1-011 - Project Engineer,1hS1eByLsZ,8KwfY5Axg8,ltolotti1c@mail.ru,49,2021-10-31,2022-03-30,"'Customer', 'admin', 'manager'"
50,Burr,10 - Specialties,mdIuT47k1P,KfW8y9Pj,bfrancomb1d@wikispaces.com,50,2022-01-13,2021-10-11,"'Customer', 'admin', 'manager'"
51,Carey,9-100 - Metal Support Assemblies,IHWBtYQFW0f,mYRjfcp,cgregory1e@plala.or.jp,51,2022-03-27,2022-04-06,"'Customer', 'admin', 'manager'"
52,Sutton,14-600 - Hoists and Cables,8PKABzy3IDW,d7mLzXq,ssymondson1f@salon.com,52,2022-04-22,2022-01-11,"'Customer', 'admin', 'manager'"
53,Jobye,10-820 - Bathroom Accessories,lW2xu9Ve,fjw0aO,jlarderot1g@devhub.com,53,2021-12-18,2022-03-12,"'Customer', 'admin', 'manager'"
54,Amity,13-020 - Building Modules,nWFyM6SLfp9,kCpDICBSs,apinkstone1h@purevolume.com,54,2022-03-18,2022-03-13,"'Customer', 'admin', 'manager'"
55,Von,9-900 - Paints and Coatings,qnmKpIJKL,Uu9CO90SLR5,vcronk1i@webmd.com,55,2021-12-02,2022-08-03,"'Customer', 'admin', 'manager'"
56,Kingsley,9-700 - Wall Finishes,33a0btImO6z,Y2bP2EZ8yIln,kmaggillandreis1j@ovh.net,56,2021-11-11,2022-02-26,"'Customer', 'admin', 'manager'"
57,Lilah,5-100 - Structural Metals,vwf0rTRNGk,qhKg9q6IyBj,lcaurah1k@wikipedia.org,57,2021-11-03,2022-06-01,"'Customer', 'admin', 'manager'"
58,Titus,11-700 - Medical Equipment,dlCDU7E3Y9u,uGG8x7CJ,tcoen1l@washington.edu,58,2022-05-26,2022-05-01,"'Customer', 'admin', 'manager'"
59,Brice,11-450 - Residential Equipment,JCmwao9GFVo,tvB9PnczFfQe,bmartensen1m@statcounter.com,59,2022-06-20,2021-09-02,"'Customer', 'admin', 'manager'"
60,Madelaine,5-500 - Metal Fabrications,ZTZ37Bz8llYh,gQVXge6uhCpU,mfilippozzi1n@bloglovin.com,60,2022-05-15,2021-10-14,"'Customer', 'admin', 'manager'"
61,Amye,8-200 - Wood and Plastic Doors,DPguaPzVXaHw,fMK5I0M9R,asprionghall1o@angelfire.com,61,2022-07-11,2022-07-04,"'Customer', 'admin', 'manager'"
62,Jorey,15 - Mechanical,dEty7U,h8yifDMoL,jbarhem1p@shinystat.com,62,2021-10-09,2021-12-24,"'Customer', 'admin', 'manager'"
63,Ricki,2-815 - Fountains,NvEkzY0,hjkwvKRd,rovernell1q@nba.com,63,2022-03-12,2022-04-22,"'Customer', 'admin', 'manager'"
64,Phillipp,2-915 - Mulch,78nLq1r,JWsxethUHzM5,pburree1r@ovh.net,64,2022-06-18,2022-03-01,"'Customer', 'admin', 'manager'"
65,Lindie,15 - Mechanical,MmCHR9gv,UywqPdiQyWsW,lbeverstock1s@adobe.com,65,2021-09-18,2021-11-22,"'Customer', 'admin', 'manager'"
66,Joan,3-100 - Concrete Reinforcement,48SguWrGYM,IJXORgp6,jinston1t@cornell.edu,66,2022-02-08,2021-08-26,"'Customer', 'admin', 'manager'"
67,Lari,2-825 - Wood Fences and Gates,D2dzJZWF,QBEV73,lcarty1u@dailymail.co.uk,67,2021-10-14,2022-01-11,"'Customer', 'admin', 'manager'"
68,Aldin,13-230 - Digester Covers and Appurtenances,21CyIdAf,ttsp4T6,apellissier1v@mail.ru,68,2022-06-25,2021-10-29,"'Customer', 'admin', 'manager'"
69,Chrystal,1-712 - Local Conditions,dfP0pX,bOLE3rwm,cphoebe1w@alexa.com,69,2021-09-14,2022-06-28,"'Customer', 'admin', 'manager'"
70,Wakefield,4-500 - Refractories,vLqfFtS,e7bLJQ0,wquinevan1x@usatoday.com,70,2021-10-27,2022-08-19,"'Customer', 'admin', 'manager'"
71,Dudley,6 - Wood and Plastics,LgRTrQD,xFUIPa,dpyatt1y@github.com,71,2021-12-15,2022-08-07,"'Customer', 'admin', 'manager'"
72,Mordy,13-500 - Recording Instrumentation,VTsBW7G,SRKernaFy,msatford1z@imageshack.us,72,2022-07-04,2021-10-26,"'Customer', 'admin', 'manager'"
73,Kale,10-240 - Grilles and Screens,vd9X9XDEmE,Z1jPyqz3v7,kleber20@deviantart.com,73,2021-12-22,2022-04-13,"'Customer', 'admin', 'manager'"
74,Bernita,12-400 - Furnishings and Accessories,C6Gg1lqy,f6h75RuqNjcS,bspring21@slashdot.org,74,2022-06-05,2022-04-18,"'Customer', 'admin', 'manager'"
75,Evered,1-518 - Temporary Water,GdoSxhZio,8N0QeHzoMNQ,ecess22@accuweather.com,75,2022-04-01,2022-03-13,"'Customer', 'admin', 'manager'"
76,Jasmina,13-280 - Hazardous Material Remediation,Y4WtBaPc496H,ZnPaATvWU,jgillingham23@yale.edu,76,2022-04-03,2022-07-08,"'Customer', 'admin', 'manager'"
77,Gael,16-500 - Lighting,uqHh00u,fR0DCLIf7B,gverduin24@cafepress.com,77,2022-06-17,2021-11-01,"'Customer', 'admin', 'manager'"
78,Joseito,9-800 - Acoustical Treatment,ShV9ToUlR,dxSySN9wHah3,jlowdes25@google.com.br,78,2022-01-08,2021-10-14,"'Customer', 'admin', 'manager'"
79,Lesya,1-000 - Purpose,0Ecev4IsYjTt,herUrz30ePAI,lashard26@alexa.com,79,2021-11-14,2022-04-20,"'Customer', 'admin', 'manager'"
80,Ximenes,2-815 - Fountains,7z2nbpN,xEAgUJOsM2,xlongea27@state.gov,80,2021-11-25,2021-12-24,"'Customer', 'admin', 'manager'"
81,Meghann,9-500 - Ceilings,DnvqBm7yVBR,q2RqOmkZAfr,mvassbender28@examiner.com,81,2021-08-28,2022-06-02,"'Customer', 'admin', 'manager'"
82,Jorge,11-300 - Fluid Waste Treatment and Disposal Equipment,ROOweibUmdCe,sCXHi0U,jbasilotta29@webmd.com,82,2021-11-23,2022-03-28,"'Customer', 'admin', 'manager'"
83,Ansel,16-800 - Sound and Video,oJaVuWFMV,4zGF4o4Vrycc,aalliott2a@cbc.ca,83,2021-08-24,2021-09-21,"'Customer', 'admin', 'manager'"
84,Kaila,2-740 - Flexible Pavement Asphalt Pavement,zRaEnt76S09,md1CDqq08xjr,kdabnot2b@wikia.com,84,2022-04-30,2021-08-22,"'Customer', 'admin', 'manager'"
85,Caye,13-400 - Measurement and Control Instrumentation,7LCUSUSCj,InwF7RK8qOq,czoren2c@vk.com,85,2022-08-09,2021-10-25,"'Customer', 'admin', 'manager'"
86,Baxy,11-870 - Agricultural Equipment,0NFc4PDsz,tuPmGY,bporte2d@census.gov,86,2022-01-02,2021-10-30,"'Customer', 'admin', 'manager'"
87,Marietta,14-500 - Material Handling,HtXKbL3CLChD,ROEWs2w,mramalho2e@domainmarket.com,87,2022-07-22,2021-12-19,"'Customer', 'admin', 'manager'"
88,Pincus,3-300 - Footings,x33muEFVw4po,GGdkMKMx8Y9,pdaddow2f@kickstarter.com,88,2022-01-17,2021-10-20,"'Customer', 'admin', 'manager'"
89,Maisey,5-400 - Cold-Formed Metal Framing,HJZW13Kg,qZNXLvm0k3vW,mfraulo2g@netvibes.com,89,2022-06-10,2022-05-27,"'Customer', 'admin', 'manager'"
90,Alica,10-290 - Pest Control,c2Sk8z,nOahkUw,aessery2h@xrea.com,90,2021-11-23,2022-04-17,"'Customer', 'admin', 'manager'"
91,Rebe,16-500 - Lighting,UnVfWr,fhhuFwijm0ZY,rbier2i@nsw.gov.au,91,2021-09-22,2022-04-28,"'Customer', 'admin', 'manager'"
92,Emilie,13-110 - Cathodic Protection,wbq7iaN3g,T6rFKi,elebarr2j@last.fm,92,2022-05-28,2021-12-19,"'Customer', 'admin', 'manager'"
93,Rodger,2-370 - Erosion and Sedimentation Control,yJVOOOyusN,N3LRIW5r,rdoumerque2k@dropbox.com,93,2022-05-24,2021-10-24,"'Customer', 'admin', 'manager'"
94,Claire,13-220 - Filter Underdrains and Media,c2GkWi,nnUjRlxqmH,clohde2l@baidu.com,94,2021-11-14,2021-08-31,"'Customer', 'admin', 'manager'"
95,Cecilius,10-300 - Fireplaces and Stoves,M56wdOI,3iryYYh8R,csturgess2m@fotki.com,95,2022-02-23,2022-08-20,"'Customer', 'admin', 'manager'"
96,Stella,"13-080 - Sound, Vibration, and Seismic Control",TqD8ftui,Ty6qzo,sphilipsohn2n@so-net.ne.jp,96,2022-03-09,2022-07-31,"'Customer', 'admin', 'manager'"
97,Gui,11-300 - Fluid Waste Treatment and Disposal Equipment,1LDgRNwNe7o6,LDZilZYcRXIz,gcopas2o@sphinn.com,97,2022-06-24,2021-12-23,"'Customer', 'admin', 'manager'"
98,Wenonah,3-050 - Concrete Subcontractor,n6Ps2OrKR,ag4fWblvHABB,wjohansson2p@oaic.gov.au,98,2022-03-15,2022-02-24,"'Customer', 'admin', 'manager'"
99,Isabelita,5-700 - Ornamental Metal,NoKohki,9W2Yr1FOE8,ijuanico2q@disqus.com,99,2022-01-30,2022-03-19,"'Customer', 'admin', 'manager'"
100,Helena,14-700 - Turntables,JSuR7imbLu,phx5lFuTuzx,hwallage2r@craigslist.org,100,2021-10-27,2022-01-24,"'Customer', 'admin', 'manager'"
