id,image,product_id,
1,CubiliaCurae.pdf,99,"(1,'CubiliaCurae.pdf',99),"
2,SitAmetTurpis.ppt,42,"(2,'SitAmetTurpis.ppt',42),"
3,VitaeConsectetuerEget.avi,36,"(3,'VitaeConsectetuerEget.avi',36),"
4,JustoEu.ppt,47,"(4,'JustoEu.ppt',47),"
5,AugueQuam.mp3,86,"(5,'AugueQuam.mp3',86),"
6,QuisqueIdJusto.ppt,27,"(6,'QuisqueIdJusto.ppt',27),"
7,TortorIdNulla.mp3,33,"(7,'TortorIdNulla.mp3',33),"
8,HendreritAt.mp3,83,"(8,'HendreritAt.mp3',83),"
9,Consequat.mpeg,74,"(9,'Consequat.mpeg',74),"
10,ConsequatIn.avi,100,"(10,'ConsequatIn.avi',100),"
11,LectusVestibulum.gif,12,"(11,'LectusVestibulum.gif',12),"
12,Tempus.ppt,43,"(12,'Tempus.ppt',43),"
13,Id.doc,61,"(13,'Id.doc',61),"
14,QuamTurpis.xls,48,"(14,'QuamTurpis.xls',48),"
15,NonInterdumIn.jpeg,24,"(15,'NonInterdumIn.jpeg',24),"
16,MaurisUllamcorperPurus.avi,76,"(16,'MaurisUllamcorperPurus.avi',76),"
17,EtCommodo.jpeg,77,"(17,'EtCommodo.jpeg',77),"
18,Praesent.jpeg,10,"(18,'Praesent.jpeg',10),"
19,Ut.xls,80,"(19,'Ut.xls',80),"
20,EratErosViverra.png,7,"(20,'EratErosViverra.png',7),"
21,Augue.avi,24,"(21,'Augue.avi',24),"
22,VestibulumSed.avi,67,"(22,'VestibulumSed.avi',67),"
23,VelSem.xls,6,"(23,'VelSem.xls',6),"
24,Non.avi,3,"(24,'Non.avi',3),"
25,JustoEu.txt,70,"(25,'JustoEu.txt',70),"
26,Nulla.png,43,"(26,'Nulla.png',43),"
27,Quis.jpeg,17,"(27,'Quis.jpeg',17),"
28,Elit.txt,50,"(28,'Elit.txt',50),"
29,Varius.mpeg,28,"(29,'Varius.mpeg',28),"
30,PhasellusId.txt,10,"(30,'PhasellusId.txt',10),"
31,AtVulputateVitae.gif,6,"(31,'AtVulputateVitae.gif',6),"
32,At.xls,3,"(32,'At.xls',3),"
33,Eget.avi,6,"(33,'Eget.avi',6),"
34,TurpisNec.xls,41,"(34,'TurpisNec.xls',41),"
35,Quam.pdf,67,"(35,'Quam.pdf',67),"
36,FaucibusOrciLuctus.avi,100,"(36,'FaucibusOrciLuctus.avi',100),"
37,Sapien.xls,21,"(37,'Sapien.xls',21),"
38,AliquamErat.doc,83,"(38,'AliquamErat.doc',83),"
39,DolorQuis.avi,31,"(39,'DolorQuis.avi',31),"
40,QuisqueId.avi,88,"(40,'QuisqueId.avi',88),"
41,Viverra.xls,54,"(41,'Viverra.xls',54),"
42,NuncNislDuis.avi,40,"(42,'NuncNislDuis.avi',40),"
43,OdioCondimentum.avi,94,"(43,'OdioCondimentum.avi',94),"
44,AmetEratNulla.avi,43,"(44,'AmetEratNulla.avi',43),"
45,VelEnim.mpeg,40,"(45,'VelEnim.mpeg',40),"
46,Sit.xls,58,"(46,'Sit.xls',58),"
47,Dolor.mov,46,"(47,'Dolor.mov',46),"
48,PedeUllamcorper.mp3,64,"(48,'PedeUllamcorper.mp3',64),"
49,HacHabitassePlatea.xls,68,"(49,'HacHabitassePlatea.xls',68),"
50,Pede.ppt,83,"(50,'Pede.ppt',83),"
