id,image,product_id
1,"data:image/png;base64,iVBORw0KGgoAAAANSUhEUgAAABAAAAAQCAYAAAAf8/9hAAAABGdBTUEAAK/INwWK6QAAABl0RVh0U29mdHdhcmUAQWRvYmUgSW1hZ2VSZWFkeXHJZTwAAALPSURBVDjLjZNbSFNxHMcXm+BDBEFBvgRS9CBFrxJRoUlPs4ceJMiHsIshSTdSi7AI1K6KOfOSaZgXQmyic5u3TJ3zNue8TEvP5tl0czed7uy+nW//DV3ajQ58D+fh9/nwP/8fX85s9e1okkySVhKKhCEJqspvYKjoEnrykoOtD08zjbeOU++vxbYKUvdlFqbsjgbACYVDhgcWxfkwDApgVlbBOvUBFlUNVkYqsdxXCl1HIaiWfEzX5mCg6DKas0+BCAYiAnXtA9WWwKSoJHkHo7wcS18FWJS8BiV8htmGJ1BW3kXfy9SwoCg1RhURyCbpOIWsFwviCszUP8KIIA09+edBjg1ybFRfP4SytIOoyDiKhqcXUFFSgJI6cVxEEHr1zPskCr0XVocfbh8Lj5+FzRnAjMGNMdoFrdULyuJF27gFJe1ayRYcEYQiVbs+S9VOdpEMM54gDHY/Zo0eaAgo+76Bt1Id+0akbd4O7xCEIlSux7co7dQw5YBu1ReG2ydsKJXS88UiTfyv8G+CrdQPmvvHaQZjWgcEErrvTzP/FDQOmuQTegYKIihu0/T/t6BeZjohHDXTkzoHbEwAxnU/RGMmFDTNLYjTE0p7+XvorgQeK03i6kiydwhq+1eETUMmVmN2hzfhDbDYcAehs/nQXfYCynsn4Ra9AquWwNl4B6MZxwIdibybYbimzyjtnLJh2e6D0xuEj8CBIAuGfCv1LnRdPAwXgVHMB7L2AnmxsDw/A+lZrobT0DkVV9dvQK96DeYNfxgmbFhgdwXwbcWDrsQosIrQBn8+a7kHEPqdcBempWUYkMsgn7NCb3Fh3UlWaHSg/osWjz9OoCU5BkxVGkAgz30OVknodC7IPSztKNPfuqDI5WP46hEYsmJhzokCdWUXuvm8gCSJ+4Czvc6kwhSpMLNZ4XAXSIWDpMLMp5T9NtE5nnNzC0shOHR/PwBGKPcL7gZY5gAAAABJRU5ErkJggg==",47
2,"data:image/png;base64,iVBORw0KGgoAAAANSUhEUgAAABAAAAAQCAYAAAAf8/9hAAAABGdBTUEAAK/INwWK6QAAABl0RVh0U29mdHdhcmUAQWRvYmUgSW1hZ2VSZWFkeXHJZTwAAAKfSURBVDjLfZNLaNRXFIe/O//JTCePxqQiRq2CDcQkGFoQF0VaCS4MAVGoiEhDpEigi0JxXYKhthTaTRcuVOhCIgXBFCtVCLb1laoNKkl8tIyPSCoTY8aOJqP538evixiZUOKBw+Uezve7h3PONZKYs81fntPuLfX8MZonOOF9wPtA8AHnAhveeYsDvVcZPPCRmWOSlFjwnhCEsy9BN3t6N+vOCe98KUKi9PLqNetxsaex7BIdb36FjT3W+lnB1wkE55kuWpZVpbGxp7X8J9bV3mGpbvN2dYap4gzev7YC3/Pn8DiL00maa56yOjVEoraVTZVnWFKR4vK1MYLzPQsKnPumrXvk74mey0M51pf/RrJuO4lF79Oc6OfK9VGG/8r13Ort7C5ljCTsxVUZKWpQUBQEX1zs6OpqOb1nZcseSKSIH/zIkfPRzzuahvZJCUIQ3hYn6rY/emAkEZ+tG1N543IJJKEgEjUfQPkqZJ8gW8BODuGLjxCGYC3xs/vE+ccdRhLF42ZLsPRGTZ9WJpfvRHGOED8h2Dz4IsiBSWKSVQRnKQweJT84coI0u8zcIhWOmPrgOZlas60hWrEVxePITaNQRP45mAiXf0ju1DEfP6O75Xvtn9fE6o+VJc26F/f6+sLTmyAhzaAwA4oxRIz/eixvZ2ibg/83hZqdmjKZin5byCIDKGAwII9CgIiptd+qf8ExAog32stq3sWYJHKOOP8QU1ZLIlVNasnSlcP7zNrS/Hl/YbJvcSaI1mhRE4Ur3zE5MJDFcKGiob6zas1G0nXN5O/k2oHhBTbRfWgqV2cmTu5l4veBg87yXuPX2v3v7Wzb3eOH/4mfx7yYpn1+ydIrHzvEJ9n93B35nM2lcUlc+ozqM7v44Zdt3CiN/wel+5Gy/cSN+gAAAABJRU5ErkJggg==",83
3,"data:image/png;base64,iVBORw0KGgoAAAANSUhEUgAAABAAAAAQCAYAAAAf8/9hAAAABGdBTUEAAK/INwWK6QAAABl0RVh0U29mdHdhcmUAQWRvYmUgSW1hZ2VSZWFkeXHJZTwAAAHYSURBVDjLlVLPS1RxHJynpVu7KEn0Vt+2l6IO5qGCIsIwCPwD6hTUaSk6REoUHeoQ0qVAMrp0COpY0SUIPVRgSl7ScCUTst6zIoqg0y7lvpnPt8MWKuuu29w+hxnmx8dzzmE5+l7mxk1u/a3Dd/ejDjSsII/m3vjJ9MF0yt93ZuTkdD0CnnMO/WOnmsxsJp3yd2zfvA3mHOa+zuHTjy/zojrvHX1YqunAZE9MlpUcZAaZQBNIZUg9XdPBP5wePuEO7eyGQXg29QL3jz3y1oqwbvkhCuYEOQMp/HeJohCbICMUVwr0DvZcOnK9u7GmQNmBQLJCgORxkneqRmAs0BFmDi0bW9E72PPda/BikwWi0OEHkNR14MrewsTAZF+lAAWZEH6LUCwUkUlntrS1tiG5IYlEc6LcjYjSYuncngtdhakbM5dXlhgTNEMYLqB9q49MKgsPjTBXntVgkDNIgmI1VY2Q7QzgJ9rx++ci3ofziBYiiELQEUAyhB/D29M3Zy+uIkDIhGYvgeKvIkbHxz6Tevzq6ut+ANh9fldetMn80OzZVVdgLFjBQ0tpEz68jcB4ifx3pQeictVXIEETnBPCKMLEwBIZAPJD767V/ETGwsjzYYiC6vzEP9asLo3SGuQvAAAAAElFTkSuQmCC",11
4,"data:image/png;base64,iVBORw0KGgoAAAANSUhEUgAAABAAAAAQCAYAAAAf8/9hAAAABGdBTUEAAK/INwWK6QAAABl0RVh0U29mdHdhcmUAQWRvYmUgSW1hZ2VSZWFkeXHJZTwAAAJ3SURBVDjLpVJdSJNhFD7bp7Js6qaUDqmxEFfRQFmZ00wjXYK2kgX+h114Ed5siZf9aIWFUSLRReVFgUElGVkURDCkKI3NlKIaRYmWmJmSue3b+9f5DGuBBNoHLwfe7zw/57yPSggB//NFLQcUKHG4BCEuESbt6uUQCDncqNm3x4gEbtVSR5jbuStGEPoaHSRibV7yCDxMWhH8HsHpCd6n7J8E9mPDLsGZmzN27tHJze2z23aUIbAcCTITfM+Y0qMiDQd7gNJSQdnd6MudZZEEhYd9Y5VbpFRZ9kJmlG/OdOGNdC0+58wNg03ijFZxTnGJhJZKjt1RuBCHXFmV9QfszccmbXf/9Lfc2MeTZkvBytFiw/h1Q/Z6xkhTuS3eyCh1qeQDdT0Kya/FUC3am7yjt769aCjMp4Lv7yzoyNeZHM26Ndnw7mHTjODcXnO/NpdzdggFzv71CkVHBmNKxp/cy5sY3Jo2MxKiejY7VZGwzlhUD0D8EAia4VP/+V7BuNNS84AoGHXEvCmMUc/tJOsXt7kuGdddPJsZbUqy1gKEfDBwtQu0uiDQULgUj2MBp7YfHXLhvONo5yWnpMdzylbd15YXHG3QrobtWao4fQC4/AHTw4H9eA6mgkYVleXjAx22uHkCVHXtzYhGdcI8p3PalMuhK/YYVDmhW5sBPDCM2CBYnWY09Rk0Gj8kWyo2UDnsnifgjLTf7P8+guqtC7aYHK5PTCuxxsZ9BUGn8LEl8N7yKzECHvLDqnQj9pCGvpZNGxeNMtobs1R3pUrqj0gwraQ/4q8apBVmmHj1Avy9Ld2LJhHtaXyXnEHBBdrnEUf8rqBUIVJ+AugPahHelS39AAAAAElFTkSuQmCC",58
5,"data:image/png;base64,iVBORw0KGgoAAAANSUhEUgAAABAAAAAQCAYAAAAf8/9hAAAABGdBTUEAAK/INwWK6QAAABl0RVh0U29mdHdhcmUAQWRvYmUgSW1hZ2VSZWFkeXHJZTwAAAFySURBVBgZpcE7a1RBGMfh3xwnRziwBlOoBEG28FYriMSU9oKkTop8AcFWEKystRDEL2BnIVbapdVC8EbAYCEokgsL2T05M+/fd9CFRTcYyfMESRxGxK08fHMLOANcAy6BhAiYqKpAFcDMsMz2TNT6+dPHLmPi9s0LAUksP3j9WP/p/tN3ckR+WcQ9WdtkTOxvdWGOD1+2W1ykMJ3it7MnjlKEwFQfv7UUw1FX4yJOUoMT8Ol7y0Eo54CLOJkibnVhjoOybBQRJ1PALd19ycgMEzy/d53PX3eYpj8/iyxTVDiZUfwYdly5eJLNYWKs19T0mppeU9NrasaUMkWFk4liMMp0ErttYlKXRZfFJLNEUeGCGUXbdgy7TB51/IvSHkXECTEm8ZeZI4E/SYki4iyZgIB7sbbBpMHuHtPIJFzEZbMNoP/20Q0m9edn2Y+kLVykyPZs6c6rc5KuYnbcLIEMWUaWQBmZIQmQwAZQvccFSRzGT6Th9AjEKBwhAAAAAElFTkSuQmCC",69
6,"data:image/png;base64,iVBORw0KGgoAAAANSUhEUgAAABAAAAAQCAYAAAAf8/9hAAAABGdBTUEAAK/INwWK6QAAABl0RVh0U29mdHdhcmUAQWRvYmUgSW1hZ2VSZWFkeXHJZTwAAAILSURBVDjLrVM7ixNhFB2LFKJV+v0L24nabIogtmItin9ALBS3tXNt3CWgVlpMsAgrWRexkCSTd0KimYS8Q94vsnlrikAec7z34hSibON+cJjXPeee79xvFADK/0C5UIFyubxLUEulklooFNR8Pn+Sy+VOstmsmslk1HQ6raZSqd2/BCqVyh4RW/V6HePxGJPJRDCdTuU6Go0EZ2dnIFEkk8lWIpHYEwEi24lszGYzjHptfPvsgvbuEJ9ePMPH548Epwf70N4f4fuXY6rpYDgcIh6PG7FYzM62dSav12spfHXn2rk4fbmPxWIhIpFIRFfIzk+v1wvDMLAhka9vD+B88gCv79lxdPeG4M39W/jw9KF8q+oJzOdz2VIoFPqhOJ3O7mAwwHK5xGazketqtRKws3+Bto1arYZgMFhTHA6HC78XW6P0wYJmcAy2y+9arRYoPCHTpOD3+w8Vm8122xTgQhobqtUqms0mGo0GeDLckdOnESIcDqPdbnN3aJp2VbFarTfN7kxmUqfTkSLuyM8syB3pLMj7fr8Pn883kTFaLJbr1EHfbrdilwm9Xg/dblfABNMF3/NWisUiKPjHIkDrMou43e4CF+m6LkUMU4idcFc+WJwRkbU/TiKtS4QrgUDgmGZrcEcelXkKORsWJ9sGkV3n/kzRaHSHgtrQjEGCHJSAyBuPx7Nz4X/jL/ZqKRurPTy6AAAAAElFTkSuQmCC",70
7,"data:image/png;base64,iVBORw0KGgoAAAANSUhEUgAAABAAAAAQCAQAAAC1+jfqAAAABGdBTUEAAK/INwWK6QAAABl0RVh0U29mdHdhcmUAQWRvYmUgSW1hZ2VSZWFkeXHJZTwAAACfSURBVCjPY/jPgB8yUFNBiWDBzOy01PKEmZG7sSrIe5dVDqIjygP/Y1GQm5b2P7kDwvbAZkK6S8L/6P8hM32N/zPYu2C1InJ36P/A/x7/bc+YoSooLy3/D4Px/23+SyC5G8kEf0EIbZSmfdfov9wZDCvc0uzLYWyZ/2J3MRTYppn/14eaIvKOvxxDgUma7ju1M/LlkmnC5bwdNIoL7BAAWzr8P9A5d4gAAAAASUVORK5CYII=",91
8,"data:image/png;base64,iVBORw0KGgoAAAANSUhEUgAAABAAAAAQCAQAAAC1+jfqAAAABGdBTUEAAK/INwWK6QAAABl0RVh0U29mdHdhcmUAQWRvYmUgSW1hZ2VSZWFkeXHJZTwAAAD0SURBVCjPfdExSwJxHMbx/yTc1NrUy+h1+AZ6GUJBaYdiKVwopjmYOASiINJgEVFwUFHo4BIiDtql/SPU5BDUQb8Nomh3J8/we4bP8MBPIOYpexdtPcvyyrO6ETxR5zGwAeiMeOfmxBE8MOKXKsWwA7hjSJceZbJhW1DC5BvJDy+kNRtwzYA2BgYSnUTEAgr0+aBJC0mbe85i/0AOkw4Gn8SH0Yo2CRGMrYEralyOq/SJzrRtBEJVvMoKyJCSyd3zZh2dUMZmZOotuYOIuAuYBKbqlgVcKPN7KhvccnRsAYv49/I0ODA9Lgfgcx1+7Vc8y8/+AURAMO9/VDEvAAAAAElFTkSuQmCC",14
9,"data:image/png;base64,iVBORw0KGgoAAAANSUhEUgAAABAAAAAQCAYAAAAf8/9hAAAABGdBTUEAAK/INwWK6QAAABl0RVh0U29mdHdhcmUAQWRvYmUgSW1hZ2VSZWFkeXHJZTwAAAI3SURBVDjL3ZLtS1NhGMbPH9CnIOhFIijIIwouMg1rDjOY5cuoKHqhbJzjQqfJMiqW5MbaObKTG+VIlpmWTMuaLpfNuRgtGQhF6WTNuRSDabj0Q32wPsTVcw4VgyKEvvXAxfN237/75noeCgD1L6L+I0BJU2gNkXcfN5JQmoLJvY2BZOFlf7Lgovdzfr1nKe9s/4vtVY+UfwPEeXcM3rEkfGMf8fT1AgZeLcBD5Bqdh+CKIpu9/+2PAJK8SmUJwXanD6d0ZrQH5lDX1I1qsxMqjRHmvhkw5zmsz6vAbwCSvJa0/dLQ+xZ1DRbU8E7YBt+DNdxDKWNAsboRF7qmoNZxyCmrRZriHDYfckQ3qW5ulQAk2cW5JvE8siRVbvbMgu+fgfHhNPTdcdTfjaG2fRINPXF0BBJo8yfACEFsLLWPSgBi2Fd/eBEOciEMzOIqaffKg3e45JyCrjMG7e0oKlsj0LS0oqblJCqby3GCU2IHyyJt/43VFHEbw+OLsHY8wR5lGYrLD0MvdKJn5AO6gvNSVaPzFgy9p+GZsOPNnA/W4SocsWYh58wWByUrOoqs3ELQGZmQy+VQKBSgM7ORkX8A9DY50mW7cdxUBHfYBnfkumgiBD8Lq1+D3Op1X365SdP0NMMw0Gq1IOtwqtMlehkGJ9qQOh6P20UAUgG7iEJEz4iOpQJ2ajcsW3xqcD7pGcENVfzsYHlF35UEmg4K6bjmY6TK4izuybmw4j9PgnmiT2LbP2ZePP8OiAqyZHfdgY0AAAAASUVORK5CYII=",35
10,"data:image/png;base64,iVBORw0KGgoAAAANSUhEUgAAABAAAAAQCAYAAAAf8/9hAAAABGdBTUEAAK/INwWK6QAAABl0RVh0U29mdHdhcmUAQWRvYmUgSW1hZ2VSZWFkeXHJZTwAAAKiSURBVDjLfVNdSFNhGH7Oz7Q5N3dshrKRGP4wFElMKALL7McIDDIKopuIorsuIqLLuopdxKSbIqmroKIuVCjtIoQk03BtF7FYyCxIUMmpyXQ7O+frfb9Nxai+8X7vztn3Ps/zvc87RQiB/61IJPI4l8udN01TpwzKMrLZLOenyr8AYrFYGRX0eb3e08XFJchQEWwb8jTVGIYXw8Ovof+tOBqNdnGxz+fzu1wuJKd/gNltW8AWNgEJWASWyWSgx+PxjGVZRRTy0LpMzqlU6k/JWFhIEZCNI0ePy3c6FwcCO7G4uCTZBX8EqxQy+IE4UW6UYXCgH41NLZKdf5MKGJWLb/RF6JgCRaE9v8nM8Wt5GaHLbZLxU+QDWG3ViZN5BSyVWfmgUb4dqqpCoVALwd9rSxNwzD0ErAo0NbdBUA9EoQcqK6BnAlChadqWUCmcDgtdu+Iwqvag2vMd8+4kHi2G5bWkArNgj6Iq0HR9g11mUtXsHkNdsB2eqhb4nc/w/GsM35bWpAoJwBs3hK/AjDU7SuT9eZViHkExCrfvHKzlAQRaLuDK5CvMVndTjS1dkQDMyI3imErkZ0GhvpypHUOg8xSwFsHEk37svXQTRStfUIwGAvBvKnA4dNy5uFvaY5o5pNNkz2oClaoHbiNN7Emy04a18hE1B68h/eY+RG5fXgF18u7IyNsD64NCudzjdtXUiSF428/CTo9T7SpaexpgZ2ewzZVAIHgYKz/fyWHb8l/o7e29SiDd++uVQ35DRWW9k1gnSG4Wky/jBBKEopUBzmMYfXALQzO1yQ2AcDhcQdbNdXR0Yu39dTT23IOmTpPUlJzPzUV2Oxsw+zmKxODtFxsAoVBII/njpKC1wzUM1TKlVTz4ishleHDWB6jwnt2b/A3aCqjQmVNP6QAAAABJRU5ErkJggg==",35
11,"data:image/png;base64,iVBORw0KGgoAAAANSUhEUgAAABAAAAAQCAYAAAAf8/9hAAAABGdBTUEAAK/INwWK6QAAABl0RVh0U29mdHdhcmUAQWRvYmUgSW1hZ2VSZWFkeXHJZTwAAALQSURBVBgZBcFfaJVlHADg532/bzvNo9MtY1oXRlRWsCREIlFXoaBmUEIkaH9uCsokEIK6qbtg4UVBIN0kFETQnVQ3FmXOxMwg1BApA9GdTdFJbLqzc87763lSRNjy/i+vDgw2dudkLe5AAgmRiKJbyj83r8eP6b+Zd44d3LEAkCLC9g+PH/ty39qHc07LgkoAEAHh2mzHV7/fNHWpfeuvs+eHJw7uaEMNuUqr++tq2bmrqpwSiSj0ouh2w+1Oz5MPLPH4g7WT5dqiKA/NjL313dDRT59pZ0gpLY6Iqr/K+jJ1ospUiZTIEoqVg/12rFvp3vsbA/Vg8xBkCBJk5EROSU5JTklOSa6S1o3bVi3ueGQ4ee2JO1V91QtQA0RQVyRJpKT0gpzUFf2R/X09LJSuUhZsvK8h1bkLNUQQqFMWQiDlJCEKUWX6ySUppRIyKYMaAgUpkSSBQBT6KkDKUi+JHAoigBpKlwgKEiIC5IyS1FUQiSAkvUKvADWUEiKCYL5927k/jpu8eMby4SFTV69b9/ROA0uGHDt8yMhdQ36dmTE0O1iPjb3brKFX6AWdhY4jh7/WiFkv79ltbm7O5cuX/Tbxrap/wM7nnlXXlVarpe/06frI+cEPaijdUCK8980xq69d9NKeXd7+6HOzF064e+UKo6OjWlf+deDAKZOtKevXrze2aaNLly69nqHb7en1qKfOGh5sgqde2W9+oWPXrl02bNhg27Zttm7d6la7440394GlS5c2aui2S+mWEnnpinS5dRL8dGhc9HrGx8c1m00wNzcnlfDJxwdiy+bN6cqVK/M1dOZ7083+avn+7WuaX3x2NE/8fNSLY4+yadT09LQLFy5oNBpWrVplZGREztnEiVO9ycnJqRQR1u39YW+3E88n8VhemF68/Mb3ffeMLEuNRp+EM3OrO920KNYs+rM/KdFuL5RWa3rm1uzMlv8B/jBGW3bkYMYAAAAASUVORK5CYII=",81
12,"data:image/png;base64,iVBORw0KGgoAAAANSUhEUgAAABAAAAAQCAYAAAAf8/9hAAAABGdBTUEAAK/INwWK6QAAABl0RVh0U29mdHdhcmUAQWRvYmUgSW1hZ2VSZWFkeXHJZTwAAAIfSURBVDjLpZNPaBNBGMXfbrubzBqbg4kL0lJLgiVKE/AP6Kl6UUFQNAeDIAjVS08aELx59GQPAREV/4BeiqcqROpRD4pUNCJSS21OgloISWMEZ/aPb6ARdNeTCz92mO+9N9/w7RphGOJ/nsH+olqtvg+CYJR8q9VquThxuVz+oJTKeZ63Uq/XC38E0Jj3ff8+OVupVGLbolkzQw5HOqAxQU4wXWWnZrykmYD0QsgAOJe9hpEUcPr8i0GaJ8n2vs/sL2h8R66TpVfWTdETHWE6GRGKjGiiKNLii5BSLpN7pBHpgMYhMkm8tPUWz3sL2D1wFaY/jvnWcTTaE5DyjMfTT5J0XIAiTRYn3ASwZ1MKbTmN7z+KaHUOYqmb1fcPiNa4kQBuyvWAHYfcHGzDgYcx9NKrwJYHCAyF21JiPWBnXMAQOea6bmn+4ueYGZi8gtymNVobF7BG5prNpjd+eW6X4BSUD0gOdCpzA8MpA/v2v15kl4+pK0emwHSbjJGBlz+vYM1fQeDrYOBTdzOGvDf6EFNr+LYjHbBgsaCLxr+moNQjU2vYhRXpgIUOmSWWnsJRfjlOZhrexgtYDZ/gWbetNRbNs6QT10GJglNk64HMaGgbAkoMo5fiFNy7CKDQUGqE5r38YktxAfSqW7Zt33l66WtkAkACjuNsaLVaDxlw5HdJ/86aYrG4WCgUZD6fX+jv/U0ymfxoWVZomuZyf+8XqfGP49CCrBUAAAAASUVORK5CYII=",78
13,"data:image/png;base64,iVBORw0KGgoAAAANSUhEUgAAABAAAAAQCAYAAAAf8/9hAAAABGdBTUEAAK/INwWK6QAAABl0RVh0U29mdHdhcmUAQWRvYmUgSW1hZ2VSZWFkeXHJZTwAAAFOSURBVDjLtVK7SgNRED0b9iuM2lr4QK1DQIyk0FZsJAj+gH+ilRZb2NjaRHTLmA9QFKz9huzm7t37Hu+u7IJgQjR6YLjDzOXMmcMERIR5EE5qXA4z4sqACYWEC5wfLQXf/WtMIuDSoL0A7DZDjBj/uYI0l8jzEEJYJMkvCEZM4PqZIxlzpGk+kSCY18TGtGYcx9Tv96dOqBUMBgNyzsFaC621312Ac+59yJFlGRhj5VvVoigKvniglEK32w1mkd3r9ejPPAjOhqdknYX18p1/rzo3pYqTh0OSRkJI5UMgPn4s61sX66SkhtEGcISGsQad5gH2FvehfV5BaIF2cwet5RZyKeu68pe5ubKG7dUNP5AQGltMN57Mosgr5EIiVQmYGvtc1PVicqHY+dXpk8Dg7v22XKFo1ARe9v1bDOlXKKKCs4Sn1xdU1v3vIc2CD3bN4xJjfJWvAAAAAElFTkSuQmCC",39
14,"data:image/png;base64,iVBORw0KGgoAAAANSUhEUgAAABAAAAAQCAYAAAAf8/9hAAAABGdBTUEAAK/INwWK6QAAABl0RVh0U29mdHdhcmUAQWRvYmUgSW1hZ2VSZWFkeXHJZTwAAACwSURBVDjL7dI7CsJAFIXhrCMLOm5rlmAjgiA+CtNF7AQrsVBEtNBBBBERC4kBIZm8JjHHuAAhInYp/vJ+cOAaJI1fMirgA1DLzSKRIZUxIvmAJ264m98A4tnPma0003lCv6t4wkWUBlJo+T7WvYBxo2gYcYuDLA14UFJPE8ZNxageMLBCLrApDzhwhdfxGdshw4Gi03Y5wqT8hDOu5h5HscZOzrCUNsaiBcusPvFPwAtRJv5/iiq/OwAAAABJRU5ErkJggg==",20
15,"data:image/png;base64,iVBORw0KGgoAAAANSUhEUgAAABAAAAAQCAYAAAAf8/9hAAAABGdBTUEAAK/INwWK6QAAABl0RVh0U29mdHdhcmUAQWRvYmUgSW1hZ2VSZWFkeXHJZTwAAABjSURBVDjLY/j//z8DJZiBagb8y8/+D8NgsVXF/+EYyP9wNf0/DA9SAygOgwuvN/2HYRA/4EzufxgG8RM2vP4Pw4PUAIrDIKJqw38YBvFvzr77H4bBaso3/ofjwWnAwGcmcjEAc0v+JGPFQvwAAAAASUVORK5CYII=",78
16,"data:image/png;base64,iVBORw0KGgoAAAANSUhEUgAAABAAAAAQCAYAAAAf8/9hAAAABGdBTUEAAK/INwWK6QAAABl0RVh0U29mdHdhcmUAQWRvYmUgSW1hZ2VSZWFkeXHJZTwAAAG5SURBVBgZpcG7b41xAMfhz/v2SJ1qI2nVedXtD0ClsdpIdDARBlKRaEIMLP4OCZNYJGIQl0EQiYnJytSRRA8nLnGrSy+/z1dHObH1eapLL86FVUlIQgyX91+v+I+zT2aiQcUSVGpWdQa3sL29kxhMmovPZ0Ofs09momkQOu2GzlAHi9RJSEJnsGFrewct1vU09LOIxd6m9jhbh7cxULVQqWPo/X7Pm4U3DFcb2L1xkij9imFq8z5GWiN0v3d5/fk1pUhtQimlefezy2CrTZUKS+hnkQTWt4bofuuiNhapknDh2ZnEoEElhmvTNyv+cere8ahosIjKnZkHVZWEtahZo5o1qlmjFqtmH52MBouoaLh17G7FP47cOJwYLKJB5fH5p1U9++hkLDYDGWDX2B4mx6ewSD9LmJzYy66J3ahomumrB1NbRNMbWz/Ot99fWV5ZwiL9VBbLEl9+fWHT8DhV6KnUFmmGJhgdHOXH4gKv3r9EpZ9F5ubnWFpeobOxw+jwGDG0ivJn+Q/zi/N8XPhAKTZqjz4aiovN/Ke3PUshBhOqE7ePRsUiGlTun35Y8R+HrhxIDCbEkIS/gKBKja+GF3wAAAAASUVORK5CYII=",61
17,"data:image/png;base64,iVBORw0KGgoAAAANSUhEUgAAABAAAAAQCAYAAAAf8/9hAAAABGdBTUEAAK/INwWK6QAAABl0RVh0U29mdHdhcmUAQWRvYmUgSW1hZ2VSZWFkeXHJZTwAAAJtSURBVDjLjdNNSJRBHMfx7zzP7uKTGtLqSoeCCEKigiBQI0qkpEuHTp4svXjyYp2COhedDTok9g577aAlhtUhPBi+RLVlaBhr69uumuvus8/M/DusbikdnNvAzPDhP7+fEhHGx8cv/h66N6CXk+j5GVr6EvXsbi2osbGxE8aY9zbIl7sYFu93cr73065uh0Kh+lA8Hk80NjZ2lX3u76uIAgJBEGw7aK1FRLbtPc8DYIdAs9DTSdODCbqfTxMWIZfP4UU8rBEwYA1YbdGBsDa9vlISRCb7+ypjAhaUUoSAu211hFznv/z0aoGuG6OEWltb64wxPbamDVdpVl+/QSkFRgi7DjcffmU1bzga85iay1EZdqmqcJmY3gDAicfjiWQy2bU49JiNsWeICEopxAoC5H0hIooDtR6ZrKWmKkTeN0hhc5B/BVdwlSYzVBTI5hzLgKwvjEysEBQsc/M+6Yyh4Vg5796u/yN49Yjsh6cggohgChaAwBd+bRiW0gFVSjE1Z3CU0HK6dqfgKi6azOAwABIICGRzFscXLpyJMpFYY81Yzp7aS7Qqsn0G8/0PWR99gjUUBQE4LpiC5VA0zKWm/QhQKZrmhhiuo3YK2nHQLA8Mo5QiyFuW0j53uutAIJfXXG8/XPrGxbRffGArB87Ii76KmAWzmbbAcu32R3LrObwyD2tBrEUExArWKtS2JBby5Q6aH7c6uDz4HWstxhi01vi+TyqVorq6mlgsVlIopYpd0FofP/nl5fSefR4iMDMzg9YarXWpB47jkEqlmJ2dxXEcCoViENRWSTqORM8drIg0J7PBz95vy5O7rfMfwdWGR/X6rdQAAAAASUVORK5CYII=",43
18,"data:image/png;base64,iVBORw0KGgoAAAANSUhEUgAAABAAAAAQCAYAAAAf8/9hAAAABGdBTUEAAK/INwWK6QAAABl0RVh0U29mdHdhcmUAQWRvYmUgSW1hZ2VSZWFkeXHJZTwAAAITSURBVDjLpZNNSJRBGMd/s7q50ZoWISZSRAgF5VpELFJ0CK9RneokEl1qO3URpFNCXqIO0aFLEF0iiAj6JBB0WYwOoikRJiXUYqbsumv7zvu+M/N02BV30YPgc5h5GPh/zMz/USLCVirCFqt+tZGfb8UUFxEJEBMiNkRMgBgfsT6EGms0YjwINU0Xn6haAmuIHrm0TkEEFFQWQCD3/PJ6B37+N9tFEOeVDxSIOEAhrDGoSAMSehtcwRhcMI8pfgLnIxKUdxeA04jTiPPYtucCLixtQGB9wCBOg4QVUDVYI64EYpBgAwdmZalsuUbZwzldIfHAeWUR8289gbMaPTOK8b+DDUAMVheI7W8pKzuNWA/E1byBWg3S4oteibZ0EO86DzhcMEdx/BkN+3aBlBie1YzMOZY9j6CU489K/tabOxOD9VVMhAuT5D6m2dl9FaUUTkKQEu+/FZny45w5fYL23R0MT79kbGr0djLV1hyp/u/Gk72E+b/kR+5VwBqxmtdfc3QdSmAjlsTeHqwKSR7tBri+FmWjUXURdhy/gphmiplX1MUSxFr7WCgsEVVxzh2+AcDNs4842NIJEKvKgSb37j5iNBJ6BN4XmM1Q+vyUQiFgOpthIpumv+cxQx/6iNU1AGi1mWlMptoG2w80DXR3nqKj9Rgz8+NkJtP8+rF8V212nJOptiHgGtAIFIGHYw+y/f8B3ntD1Kp2NbQAAAAASUVORK5CYII=",25
19,"data:image/png;base64,iVBORw0KGgoAAAANSUhEUgAAABAAAAAQCAYAAAAf8/9hAAAABGdBTUEAAK/INwWK6QAAABl0RVh0U29mdHdhcmUAQWRvYmUgSW1hZ2VSZWFkeXHJZTwAAAGASURBVDjLxVO7agJRED3XN4gPkEWwET/AysoqoE3+wcIPCEvEVsgnhJXgF4j+QraJLFjkAyxEsFCwsBYU32bPyF7WkEDAIsMOcxnmzJx5rLpcLrhHArhTQt5jMpl8nE6niqs4Ho84HA5a9/u91t1uRzuo1+tV4hRbcMEPkUjEMQxDgr6Lv81wOAzHcTCfz6umaQ6EgVvxJZ1OY7lcIhqNapAfyPdisUAymUShUGDRluseqNFoJNUzmQxWq9UNXbZCoFIKwWBQqicSCcTjcdi2jel0Wg2weiqVkl4ZFIvFpAoTZrNZ0W63i+FwiF6vh/P5jO12i2KxyHm0Qqy0Xq+Rz+d/nXS73Uaj0YBlWdo3m82EJRNUPOfz26fQhdDmiOXD61MZm83mJilZExviWtgrrvEu8ArWFj8fmrdiScDdUyyz/OcD4ix0Ag5sPB7r1VEZ4K2x0+mgVCqh2WyiVquJP5fLCXPV7/ff3V4efVemraf+qySIjKluIlv9+890d4IvgMkS1vrQFCsAAAAASUVORK5CYII=",38
20,"data:image/png;base64,iVBORw0KGgoAAAANSUhEUgAAABAAAAAQCAYAAAAf8/9hAAAABGdBTUEAAK/INwWK6QAAABl0RVh0U29mdHdhcmUAQWRvYmUgSW1hZ2VSZWFkeXHJZTwAAAFjSURBVDjLpZPdS8JgFMb9FyUpieiDwoKklUNhUwIJKYhCRFrah1FSzDRaFGFRFHbRF0mSkJX3QTddeKfz9J7z5mbtIpoPPLww9vzOw9leBwA4OrHDOaWOL2jVWnDnDeRt5vQLSJvPENgog3/9CcS1EviSRZhMPICwdAfe+A3Iyasa5ggQyVb1WP4d/msheqkTACfbsWf+Agggp1/BjoZnzzhA2qrQg3DBNErQPIZRy0XTqMHIyTeALawFSJV+AhLFKJ3NZpOCuYoJ6A8fcwBu+68Guq5bGvRNH3EAfqrfwoktY7jdjUaD3ukNHXCAuPpomYhBUFyGMfhZHjWMcsv7HCAo9wYgVVKMyhTOiHTiVAp+rBgAlz/LARPxW0sDqtnWoF6vWxp0iRkO8Maubf0HTp8Krbugji0W6M8amTuHocgpDMzk2ZYPaVHuoAY90h50B3Ks9i6brALLoFUCdHwbOwV8AQoMLgCS+2NeAAAAAElFTkSuQmCC",13
21,"data:image/png;base64,iVBORw0KGgoAAAANSUhEUgAAABAAAAAQCAYAAAAf8/9hAAAABGdBTUEAAK/INwWK6QAAABl0RVh0U29mdHdhcmUAQWRvYmUgSW1hZ2VSZWFkeXHJZTwAAANCSURBVBgZBcHbT1t1AMDx72lPKS29UCiz0BUMQxwwJptMSIAZzRgu6oOJ+jKjkQdjTAx/gI9mezAmJkb3ppKYqHsxe9oMOh0ZODd3xYVtFOLK1dG0pYWensvv4udjaK0BAACYmp8cAz4GjgEtgAmUgeta6XNfjn33CwAAgKG1BmBqftIEpoE3X8+cCCZCLVSsBiwXhLQRPOHy1iUhhfxVCPn2N6d+2gMwtNZMzU8GgD8Gk30jJzMvUbGDOLgsVwzqdJCCpdDCJYTFlnOVm5s3F4Qnjv/w1oWyDwCYPtrcPTLaNkhRung+AyF81EQdFnUUnSDbdoj1coD2yAsMpp497DrejwD+0vjqKPDZ6e7X/PdllS1q1JRgz45QdAJUbMhu7FKuVgkmChjxLMPJg1xevNH5/fXpe/6hySNfTLQNHTL8IbZ8AvQ+WmWEW0/81Gwfixt7qPoSwY5HOLEseVXCLEkONWd8tx4/bDKBY5lYmrvWJvl6H73+AygEuW0X264RT2kqTTMsqx1wNI0iSDbvcOLpo3iO6DeB5rDZQM7aZNuxiIY72XGjlEqKeIvNvoRFXg6QvnMOaVfJZw5S3AkTCUXxXNHo01obhgbXqaCtVkxPcukvD6M+xNayydpqjDYnhPA0+5M9BJfv4Nk10BohhGFKoYoVt5Ju9jcSrX+O9byJ7QVoVR8RD0ucDY/dnCDd1EVPaohdu8rC+u8UqxNIocqm8MTtx8XVdFc4w2//zdMY7qLOn0Eol/G+95BaIZVEodksr9G/f4Q9t8YnFz4Euh/4PFd89fPDWdERacG0NigX/iSRcLCFi9SKXCHLv4UlVvKL7NQK5IorDGTGeCb1PLuBe6O+b189P+M63sWZxVleTA8Q9zeQiChsYSOk4KlYO6lYB63xTgL+EC3RNLfX5rm2csOyXGImgOd471zJ3p1zau7hiSPHebRt8o9wmL72Oa5ysYXLgWQvw50n+Ts3x5WlWScs23uWz2ZrhtYagFe+fjkqPHFeeHL83ZH3TWQKrcMYPoNkvMKnF0/T1zrM1aW53Qbd3rtwZmkdwNBaAwAAMHJm6A0p5AdSqn4lVQIAKO/47yeFIlBTMrB9VgsAgP8BON24AjtZfcoAAAAASUVORK5CYII=",18
22,"data:image/png;base64,iVBORw0KGgoAAAANSUhEUgAAABAAAAAQCAYAAAAf8/9hAAAABGdBTUEAAK/INwWK6QAAABl0RVh0U29mdHdhcmUAQWRvYmUgSW1hZ2VSZWFkeXHJZTwAAAFYSURBVDjLY/z//z8DJYCJgUJAsQEsuCQeHIgP/f/vX/H/f//9lFyWvCLJBff2xPD9+/27kV/O3xxIl5HsBaCmAj5Zb00+SUOGPz9/J19fF2BKtAG3NoVoATXl84oIMPz9tIlBXC9F4O/PX7WXl3iwEjQAaBPTn5+/KkW1ooUYfpxjOLVoKQOPwHeGPz9++QCxH0EDgDa5cQnrxfAKfmP49/M+A8P/fwx/v5xmUHQoZvzz82fzqUmWvDgNuLjQjQ1oS4uAnAHDv2+XgHq/MxgHqzP8+/WMgYPjFoO4boQm0HWFOA0A2p4qpOJtzMX7huH/n7cMDIzMDGfX3QIFKcO/H7cYRNXkgWp+Zx9q0tHCmg7+/PgJ9Ls/0MgHDEx8okCR/wxmSQFwe5g5lRmUXMvFbm1uagQKhGIa8PMXx7nZwd+BCQfo/H9I+D+cZgDR//9LILuAcehnJgBMs6gZ4tipDAAAAABJRU5ErkJggg==",45
23,"data:image/png;base64,iVBORw0KGgoAAAANSUhEUgAAABAAAAAQCAYAAAAf8/9hAAAABGdBTUEAAK/INwWK6QAAABl0RVh0U29mdHdhcmUAQWRvYmUgSW1hZ2VSZWFkeXHJZTwAAAHiSURBVDjLpZPLquJAEIbPQ+Wd8gAZnTirPIGIgiLoxo2iCxeuBJGgoggq3trLwoX3a9R4QVGxpv/mJCJzOMMwDUVCur+/qv7qfBDRx//EHx/6/b7U6/W0brerdzodgzFmtFotvdlsavV6XfpWgMMyh9l6vabz+UyPx0PE6XSixWJBtVqNVSoV+UuBT9i8Xq+EhefhcCDTNOlyuYhvEC2Xy2apVJLfBD7LZha82+1ou91SPp8nwzBos9kQqrJEdF1n2WxWsgV4v5p1wIIBOp0/KZfLCXi5XIrAGgwGlEqlNFuAm6VDGaUCtLI6HE4RPKOA4QP8QIJEIqHbAu1224BZ+/1ewMi4Wq047BDhcv2iarVKs9lMCN1uN4pGo4YtwMckBFC+BeMgYFV1kaL8EHvT6dSuIhKJvAQajYYOx9GG1SsOqqr6Bk8mEzGZ4XBI4XD41QKfr4bN5/MpwPl8LspVFEXA2BuPxzQajeh+v1OxWKRgMPgykc9VKhQKDB5gIRsCsAUiKxLgncOMh/R2kTKZjJxOp024j4PH49GuBpcJmSHCQdPn88lfXuVkMinH43HGWxItwBP0jLljlBxkHo9H/vZnisViUigU0gKBgO73+w2v12twSHe73Rp/l/76N/5r/AZGRj/URbdFDAAAAABJRU5ErkJggg==",55
24,"data:image/png;base64,iVBORw0KGgoAAAANSUhEUgAAABAAAAAQCAYAAAAf8/9hAAAABGdBTUEAAK/INwWK6QAAABl0RVh0U29mdHdhcmUAQWRvYmUgSW1hZ2VSZWFkeXHJZTwAAAKtSURBVDjLlZJvaNV1FMY/vz/3zrt77xjs7s7mVZNS3HAuFIWwXpRWexEYDANFKQpfyagE8Q8iUfinKHwTFL0wzBcWMWjpCxWJJQ6hHGOSNtzcTYmma7ipu97tfs85X1+s1DcmHnjgcB54zsNzTnDkzPge79ms3gpmhhqIGaqGmkfUHoKi4lGz3/ZuXLgSIDbvO9pXZnM8QX34/dDS//pYzXIAXcOHERNEBWeCU4czoTFTIFedpy6V48TVn9jSsgvntOohAQ/AhuZ3H7v5+JVOvuz7BCdreSCgBsDRs6P3hw21SZLZv+gdP0Hx1gAiijhlTrpASe5wu/pb4DMAQvlXAGD9C3miwDN/3ii/jneRiVKsbmxjzdw2Xl3QxuJcE00Nzcyum2btV68NAcRODfOeOILOc6NEUcjp4R6qqaa+Kk//jT6Gx67gKo5CzVxEhMGi0tVx8lmAUNXwQBwFtD+fJw7h77uX6L/Rx7HLP1KZCjn0xnccebOTcmkaK0ckJzfx8oFVqfsOvEEcwvHef4giePvpj8jMiggCuHmnwtDIXUSNFDk+eGUnW4b6+HlHTxkgdGJ470lE8PryembFAQvyKeprkuSySeqySX648DmLCxn2t39MGISkq+IHVxCbCTEKA073jwEwOFIim4JEmGDfqe1MTE5weaQEwKddHfx+/Tyt74sXJ1dDEZnJIIQ1rTniCBY+lWZ2bZqD3buZsttECeWdr19i0xcvUmKCDe3rWLFsGa4iJ2cy8J4l8zKM3CzzTEOK4vVJdh17i9psDa2LWlBTlixqRr1iXhksDvPLmZ5eFT0abD106aw4fa6ilnaiOFFUDKdGIvsNUWoCEeXiwB9IRRCnhDSOlaf+XFc8fK0b7/3/Yvm2lu6l7zVdeBQfPu7/K9NutavIwKP4e594fYOHzxflAAAAAElFTkSuQmCC",27
25,"data:image/png;base64,iVBORw0KGgoAAAANSUhEUgAAABAAAAAQCAYAAAAf8/9hAAAABGdBTUEAAK/INwWK6QAAABl0RVh0U29mdHdhcmUAQWRvYmUgSW1hZ2VSZWFkeXHJZTwAAAKoSURBVDjLpVM9TFNRFP7ubWvb1x+QQAtRIFaRmEakaYiGiJaAurioiYsxXXVxMHESB40TJI5OOihxq0sZTDBq6kANikAJNLSBAokQ29q/1x/69673PoSoMS6c5Oa8c979zv2+k3MIYwz7MYp9mvb3IBKJ9HB3T7BSFAXcW8Q3P/KvWOTHXC5XaBdDRDIajZ7jflyn03VYrVYQQnZ+cr9bTJjwyWQSxWJxg+dv9vX1fST81SEevLXZbKRWlLE++wlyfBO5+BZq5ZIK1BkkWGxtsNoPoePUaTCdHqurqxzGLpDl5eVZDu41m8148+QBVoLv/qv5aP8QBm/fR6lUEsznNF6vd2xtbU3vcDhw7IwHBTmrXqxXymC1GpdB0XnSDvfFw7C0n0XXwGUYG5pUOYlEQtJyBrnh4WFLuVwG7wEGvHeg0WjUIoVCAay+jVx4FJbWfjQVMjB1diEej6t3uIQkTafTU3a7HQaDQaUVi8WQSqWQzWZR4wwK3yZhanbD2uZCfuMDVhYDKrharQoWE9Tn8z3f1ScKCGr5fF59XU6uIL8+CUtzI+o5P2zOG6CJ99BpqcqCMxihCwsLOQEWIJE0mUzQ6/WglKC6NYmW7ivA9ldMv3wFc2MJJL2E2o95wS7l8XjyVJZlRXRTkiQIKep4Uop6JowDrAzLwSKUcgxgCur5zzjiuYvU/DhQyYyqd7mWkNPpvOX3+8O8H8hkMqCEoRD1obGjF0oxxLEluK91Q6ls8l5F0OI4D33osX5vEsnO6EmBQOCFVqu92lRbIhKR0XrcyF+d5lormHkd5kVOgGgaAOMlfHk2EmeKMkj+3sZgMNhO5x5u9Fx/Cg1d47OQ5ln2x/5pjN34vjiHyMQjH/nXOk+NuZOsrkhM4YsklmjvsD2PneWa+QnIJn6IP3aTNQAAAABJRU5ErkJggg==",58
26,"data:image/png;base64,iVBORw0KGgoAAAANSUhEUgAAABAAAAAQCAYAAAAf8/9hAAAABGdBTUEAAK/INwWK6QAAABl0RVh0U29mdHdhcmUAQWRvYmUgSW1hZ2VSZWFkeXHJZTwAAAJ8SURBVBgZBcHda5V1AADg5/d73/d42g66bF8ZTgbbxcpoKaNJXWQ3fUJJdRF5JxRF5EGEboIZ/QPiTeFNGF03GFiRUSZiUGxlSlnqtsZya6ustY9z3vPx9jyhfkRXacCEVBVARARABAA0ccvJfME7aWnAhOGDVX37STJiSgjEQIjEQAxICAgoWtz6rlr6ZEoqVdW3n3pC/xgJVn7izxliJImIJAiRoqDSTe8+eqeqKUgyYpkHDwEO0djg+jlunKW1jkBRIHB7mfJdtInaCCmbS1yZZPYiG6tkndz7HE+eYtc4INBoUGvQzMlJRcTA5hJXPyIG0kj3KKOH2THAQ0eZOc2Nc9Sb5HUaLWpEERH9Y7zwIY+9y9CzrM3y5VssXAD2vULfKPU6tSaNJjlRGxICsk56RnjgZZ44Rdcg0+8zfx44cJRiG7UGjRY1ooiAvy/z6ZtMn2ZjlayDR96mcg8XTrK+TKnC3meoNWm0yUlFxEgR2Vph4SuWvuX+w+x5lAPH+fgNi++9ZvHarzZ+uy4rp3avtw3mpNoQSArGj5NVWPiamQ/oHqHSZ3EluL2ybPT5I7YN3mfrx8/9fPEL6WYUQSzo2cuuMXpG2P0wa/9wZRLMTX9j6OCLyjfPC2de0jE7ac/ATvONIAUCWys0Nsk6WL1Jvc7vv4B89Q/l/kGeOgYgPXG3vB2kchRNtPjsGNkOFi5TbzL7PWdelXWWbf5wVufU6+pbyzbx31oiTUhODOvSf8e4O4cpVYgF23vZ0UdXHzEKMTN/7aqYRY1kw79/FeaWEt3t9qVQf1xXqd+EflVtNFFDjhw1NFm03dz6hrwVZElhZywuDa20n/4fCNbrcsCV4KMAAAAASUVORK5CYII=",46
27,"data:image/png;base64,iVBORw0KGgoAAAANSUhEUgAAABAAAAAQCAYAAAAf8/9hAAAABGdBTUEAAK/INwWK6QAAABl0RVh0U29mdHdhcmUAQWRvYmUgSW1hZ2VSZWFkeXHJZTwAAAL6SURBVDjLpVNLaFNBFD3zvtHUpEnaJIhNm6aaVhtKqtWFqBDUgJ+CC11ZqyCKq7oQshdEEReiFCnaVTdFcSF2I8Uv9QPWD2lKmqpVqW1f09CXNP+X5D3nRVdVVw7cGWa4595z7p1LNE3D/yxO3wYGBi4VCoVAqVRaU6lUSLFY5PP5vKCfqqoSURQVq9U6EgqFzuv+PT09W+nxdWhoaJn09/ebWZZN+v1+6GwooGrRD6M4cXgjlJlB3HjSCpOjDdPTn3plWb5JwSZqOvUdrMfjibS3t1sdDgdmZ2chSRISiQTWu1rx7N0SYulOdGzdBUIIFhYWjjAMIxoMBnAcR1ZWVnZzNGuLyWRCJBKB3W6Hz+cDlQIqBfX19YhGoxgbG4PNZkMgEMDi4iKSyWTVJxaLeTndMR6Po66uDiWjC9ce55EtE6iUn0h47NnQDGs6TelPw+uUsdMQBtviQzbxHAlXHoyuN5vNoqGhAQ8nFBQ1BgaemsCgwvB4/sMIXd6GmijazCk4fcfREjiJxq4z2O+tBacHoNWuWqYiUCALjqEVoiUidFM0ATWVcfQc7YLZ0oXlL1EIRME6kxN1DheqEhRFAW0bJS1QoEqNAaFBGBqkVXyPbZtZ1DYHUVwYhrCW4PvHKWSyJVy8/+WXBD07rSgETUFZpfpVjRZRg5sbx1n/JGo9B1GYvw3Cy+Br1kGRZ/BgioOUVH4F0LOHw2H4zRLYcg5F+ubMPUXv5gmYW7pRmLsFhi9BWWnC3JO3uP5Ug5Rhqv+F07OnUqlqe2yyjB1uN8RcBJ2beNi3dEOR7oAVNBRSjZBevMXdWS9Qm0Uul6sGIMFgsI/29TK9iBaLhTTVyKTv9D6UiR0260tY7AIFN2Bm9DVC95fVxbRanYHfM/SIrB6me1f3akfPDSI2fAHz315BdHWgHF+atwhs0Bd6E1k9TMzqh9hnqaxMjsDdsQtGoxdz4xOZQl458Dewvv5gcGy3Nd/Z7OC2t7mh8cVX+fjSqUNXwjP/GuefEpx5owIvdjoAAAAASUVORK5CYII=",78
28,"data:image/png;base64,iVBORw0KGgoAAAANSUhEUgAAABAAAAAQCAYAAAAf8/9hAAAABGdBTUEAAK/INwWK6QAAABl0RVh0U29mdHdhcmUAQWRvYmUgSW1hZ2VSZWFkeXHJZTwAAAH+SURBVBgZBcE9i11VGAbQtc/sO0OCkqhghEREAwpWAWUg8aMVf4KFaJEqQtAipTZWViKiCGOh2Ap2gmJhlSIWFsFOxUK0EsUM3pl79n4f12qHb3z3Fh7D83gC95GOJsDe0ixLk5Qq/+xv/Lw9Xd+78/HLX3Y8fXTr2nWapy4eCFKxG7Fby97SnDlYtMbxthyfzHO//nl85fNvfvnk8MbX5xa8IHx1518Vkrj54Q+qQms2vVmWZjdiu5ZR2rT01166/NCZg/2PFjwSVMU6yjoC1oq+x6Y3VbHdlXWExPd379nf7Nmejv2Os6OC2O4KLK0RNn3RNCdr2Z5GJSpU4o+/TkhaJ30mEk5HwNuvX7Hpi76wzvjvtIwqVUSkyjqmpHS0mki8+9mPWmuWxqYvGkbFGCUAOH/+QevYI9GFSqmaHr5wkUYTAlGhqiRRiaqiNes6SOkwJwnQEqBRRRJEgkRLJGVdm6R0GLMQENE0EkmkSkQSVVMqopyuIaUTs0J455VLAAAAAODW0U/GiKT0pTWziEj44PZ1AAAAcPPqkTmH3QiJrlEVDXDt0qsAAAAAapa5BqUnyaw0Am7//gUAAAB49tEXzTmtM5KkV/y2G/X4M5fPao03n/sUAAAAwIX7y5yBv9vhjW/fT/IkuSp5gJKElKRISYoUiSRIyD1tufs/IXxui20QsKIAAAAASUVORK5CYII=",11
29,"data:image/png;base64,iVBORw0KGgoAAAANSUhEUgAAABAAAAAQCAYAAAAf8/9hAAAABGdBTUEAAK/INwWK6QAAABl0RVh0U29mdHdhcmUAQWRvYmUgSW1hZ2VSZWFkeXHJZTwAAALCSURBVDjLlZJ7SJNRGMaF/i3on/6wUDfbvsLpUiO1tItamRUISdmFYEYaGQaikNlIvIdOp9JSI0ssXOrmdH5ONzek29AmanPenU2H5rYyNZqa5dP3CY1EQzrwcHjhPL/3Oee8TgCc/kfDjQTZJ2Uvt4vcZXS9uUFO7BiUEx6UcfugnJ1hIn1hazqO5gzm8qYAYzNRRhknBmTEHNX114TiALRC5oo23xNSPqPxnwDKyB5REAuW7ngsWtVYsigx25kAa2MwDKXekKcyUv+c3cgcaWo7CFt/Ln5YFZjruoCZNyGwyDiYrvfHdEsoFOmMwXUAyuhMqXVKdxHfTNVYNFdiTncaX98G47PmEGwt+2ElubCqw9FZwFp2AEZIgk0Zp6i7rth672N5VofvxkzYtGGwaI5gsskfo1VeMEs8YamnUihPoS3LfckBGJCy1Tb9eSxNl8M+ngz7YDQWes/B+ioYIzU+6H/GwYcSAibxntVrTClOoj6FMeEA6CtYk/PGm5g3puP9C0/01Higr9oPo5QsLX7QFbHQVbgb5ioWbKoTGJcEoTrJTeIAdDx0fzxMBmFmiA9DXQTItABoio9BncfERwkXM0pv6IuZeFkWiKRHUYgtiMDlzKP28GQu3/GIrwuY2m6xL5UiBbI7XNhNAnzpSUZLric68l1RWxmEtNpokAYReqZUELbGIUroBf9bzgLHL6iymUPtFT5ofxqFMU0i7GPpGCYvoejqNvByQtHQW4iG/mLQS6COgVB9gwYsrJkBakDqNAX7oBIEQJbMgbYkBKIrW3H2ng8Uhif4e8n1IhqwfgqlKYww6V03aKmJM7efwad3YTh8exfyVNeQo+KtmnOUvI0T/C1xolu6OMEVmjwOsrIJRAr2Il91fbUzvdP1mjfYSM/jXbeUx7rwS6NdLLyYnfbAOOefdGxK85Qe0Gd+Azr0uSlwBNX8AAAAAElFTkSuQmCC",22
30,"data:image/png;base64,iVBORw0KGgoAAAANSUhEUgAAABAAAAAQCAYAAAAf8/9hAAAABGdBTUEAAK/INwWK6QAAABl0RVh0U29mdHdhcmUAQWRvYmUgSW1hZ2VSZWFkeXHJZTwAAAIxSURBVDjLfZLPi1JRFMffPzGLNkW7Ni1aJUitI4IWLVpm0RTUohazqkVU0GhjGcGU1NA6dFQ0FX09QVHxVzr+eE9RRMw0NVslPcmn8517nulkOj44XO6953y+33Pf4SRJgiiKyOfzyOVyyGazyGQySKfTSKVSawC4VcEVCgWMx+OFaDabKiQej6+EcKRMBY1GQ1Wu1+szCJ0xF4hEIkdCOLJMyaRGB8lkMt3v96EoinpOwFgshmAwuBTCkeo0kRX/YZYbg8EAnb6CwLeJk1qthnA4jEAgsADhSHlqeTQagYp//B7j+d4+nn4BhMbkrlqtkgv4/f45CMd6lHu9npo0HA7RZsqGzD7eiMA7CdjaO4RUKhVyAY/HM4NwiUTiHOtR7na7alKhp6jKZgb4UALeF+ch5XKZXMDpdKoQlRKNRrWsR7nT6ahJxZ8K9OkxzNIhxJAB+K8TSKlUIhew2+1rs15CoZCW9Si32+0FyA4DPPpkx/23Otx6eRk6/QU8MW9gd3f3xNyLsv60giDIrVZrBnnGIA8cH/HYeh1ucRvZ7zxMn+/gquk0zt49Zlz4rzzPa30+n0yTSBCJQa4ZLsJZeAVn8TXNCozCOkzCbQIMlk6X1+vVut1umSaRIJcenoFX3MG/nyu/TYCjZ9zlcmnYS8s0YOfvncQWfwObvE4t3vTrVjuYhsPh0NhsNnnDtI4rxlN4wd9UlWml/dI3+D+sVqvGYrEcZ8l6Fr/I9t9VT/cHUXogzRNu46kAAAAASUVORK5CYII=",66
31,"data:image/png;base64,iVBORw0KGgoAAAANSUhEUgAAABAAAAAQCAYAAAAf8/9hAAAABGdBTUEAAK/INwWK6QAAABl0RVh0U29mdHdhcmUAQWRvYmUgSW1hZ2VSZWFkeXHJZTwAAAKQSURBVDjLbZNNaJxVFIafe7/5KTPzpUloNK0tIsowCtbiQgRRQReudCMVqYrdiLgQ01UrWUgXXZQumoU2myyKii66dOFCEUo3IiL+VRMFHactYpsMmsy0mbnnx8X8tEn7wuHAudyH97zcG9wdgKWl9zNgl7vvrVar51T1PndHVQHDzBCRFGNhqd1ePXb06PF1gALAhbONF+7PanPtymtP9G2iVK3WmJjYibtjZuNupsWVlYtviaRTwABw4WzjEPDRVGMy/vt3QLpCu73G2toqZoKZE2Mkz3PyfBKxgKplDFUA3rz7wL5Y2lnigdrHiDhuRlaoYJslrv3cWb7cfehka/3BxUY93+EGqolbAU/tqz+K2V/MzFQAHZYQ4146v55v/NPd81UxL6uKQgyY2RgQB025fOUPCC9COAjhJVqt38BlcKpKb/M65kbq9YfB3nQAGOVSxqXWCXDBSZTLBWAAMDOKsYibYURE0naAMjOzC5gc2Pc0vDwApJTQGx3UDJHNLQ7GK1xq/Q7hFQivQjzMn82LY4CqhiwWw8BBQNW2OxBK5Yxm812whNNnx5YVtBBkoxICkLqYbcugt9Fh9+xj4/RHtblxA7EMVZsOYZC+qqMqWwBHfvr829OjgRNIWkIsIhb54cr+r7Ms+3Bqanr0GjHzm4AnDy8vAAujwfz83NTs7O7z3W7nYTOjH3uPp7RuWZYNHdhtDrZIVda/8+fPWa06nfWvfjJxdfFTEd2zvPzLZyn1CCHSrx954/UPWi8DC2H0G2/VM8ebzeceqd375fer/9WvnTgDVET0oLsWzJDmPe/lzx64K//ix43WHQH1t1fmgLkC/TNPy8lFM4vuWhGx6G72TXX+UAqVd4DT/wMfm3vSJoP5ygAAAABJRU5ErkJggg==",11
32,"data:image/png;base64,iVBORw0KGgoAAAANSUhEUgAAABAAAAAQCAYAAAAf8/9hAAAABGdBTUEAAK/INwWK6QAAABl0RVh0U29mdHdhcmUAQWRvYmUgSW1hZ2VSZWFkeXHJZTwAAALjSURBVDjLfZNfSN11FMA/3/v7ea/36prXWWirTZdlKtiC6CGi4BLVCqJB2/BFNmKMfInVQw8RK4lVD/VoEL2UWL0Za8HQJHNL5ya17lZz4aItXb957/V6r9v13t/3z+nBNBm0A4dzXs7n/FciAsCz747LgRdambyyiDOCtQ5rHc46jHE8ft8W+gd/Yrr/JcUG8dccZy3OCUb/G2hWrTWraoxgjeVWiaw569m0xYSW9qrT9NxxFB1atLarwNsBnLHcLGnu3hRDh5ZU4mseqb9Mo8xw7+Y4N0oVrL1tBbbv7PnrNMR8OpNFdkTTROpTPFU7yl01UaZ+nsMZ2/e/gPEPdh258Humbyod8Gjie/ymPUTqHqMzMsKZc1c4fynouzi4/8itABWe2hYX8drEiecE3vqx59ChrhMHt3UdhEiU8OpXDJz0vtnXkX5HJIJzgtWlTNOehasAqjLWOCeJ9q0iICKIEyLJJyCxHdF5RBfQuTS2tICgcFoTLv9JuJjtaXlFBnyTC3pdEAx6Hb21/tZuJAxwYR6ns2BLoBxVd+4k6m/CGU1h+gvy09ljxBgCUCJCYUC1Osvx6IO727x7XkTC64i5ibgSYldAeQTfTRP88AuVpbJYT+aA/qeHzftq7RLzX6paB5/HH3pjt4rV40wesSVwZTKT8yxfyvJAai+xlk5W0sP8dnLE5mcuHl7fQrJbbqh4zYguzCIKEIdCgVj+Gp3k/tReqi+PoT7rJvHHEM3bt3ii5LC/cSVC9fNVyZ0o5eOMQS9dI9rQjM4WqW5sgede++8H3m7Cc6p5HZAbaog7IeXVdVA48yG5iYlZFKdq2lr3e3UJSue+peZYL5WVgBKwXPSwHtc2XKJ5UtXuiGeOv05mbOITo3m4/T05sDQzu6u6nuVfT4/zdzlO0asiv6iYnVdWoH99iPOfqpfLC7xZztLb+ZGc2Nja1KtqcyWTHC3nil2eUb71ZF7g42eGzdF/AONCmjwFNk4lAAAAAElFTkSuQmCC",38
33,"data:image/png;base64,iVBORw0KGgoAAAANSUhEUgAAABAAAAAQCAYAAAAf8/9hAAAABGdBTUEAAK/INwWK6QAAABl0RVh0U29mdHdhcmUAQWRvYmUgSW1hZ2VSZWFkeXHJZTwAAAJlSURBVDjLpZNNSJRhEMd/z7u6666b6VaQFoohgYpYFHoKo2+SDnbo4smOHQUvfVy6CoHHTkUQHYLCgyAEK32AUUSHCqKMxYIs3ErXV3ff93memQ7FJhkdak7DMPPjz8z8jaryP1Hze8HNmKwqoyqcEKFPFVR4IsK0Clc2ndJwfb9Zr8DNmAEVrpnWsXbT2Icmc6AeLRfx354TvR0viDDSNKT3NwBc3gxp48CdYPswmtmMX3uNRF9QVwFTR1DXgbEB0fvbRJ/vn952Ru9WATZvcqrMJ3puZSUo4SsFsCuIi1Bf+QERxaRaSaR6WJ49G4rQ1jysXwMAFUaDtgtZTYJEBXCr5CeLIDH4mAf3QGyIK73AR+/IdF7IimcUIAAQYdA09SOVAurKqFgOnkyjYlFvOTAQohKhNsQtPaOmcTfiGVwP6CLVgLil6pCKRV2M+vhnblEfI1ERiPCe9uoZVSirqyTxDnxMuFzixdM5St9CEEd9xtDd3UAm5VECUEWExC8FngK2DCQJl1eYzb+iZUeWw8d3cehYG80taR4/WiBcKWOCDOJrsBFzVQUiTNni8z1BYyvp2rf0D3RSX1tGfAX1ETtbkuSae0n7j9Q09FIuzmNjptYrmFh7dTnEbSKR7SSbBpUIfFzdR9p/JFHfgaZ6WXh4ObQRE1VA02ldFGFkbe4G6A4SDf2YRA4VBVGC5FZqtx1BM4f48nISGzOy97wubnjlhZvmqHiu1neNtSe3dBPUBiAOF3lWF97waXa84Czn9l3U6T96AeDDdZMVz5gIJ7ynz8XgLE+cZdpZxvdf+ouZ/iW+AxEldjf3XZxpAAAAAElFTkSuQmCC",30
34,"data:image/png;base64,iVBORw0KGgoAAAANSUhEUgAAABAAAAAQCAYAAAAf8/9hAAAABGdBTUEAAK/INwWK6QAAABl0RVh0U29mdHdhcmUAQWRvYmUgSW1hZ2VSZWFkeXHJZTwAAAJRSURBVDjLhZNdSJNhFMedDj8QFT9QQlFIEHexi+ZFFwrddJERRHTRRTdb9AFJ0E0QiBfBQrLVmvBCsVAG3RXvMN1Ya03YJvsqFbMJNXNjsBbhhox9r/17zrMpih8d+L/nPc95zu+c93nftwpAFYmZRCaTndfpdL6BgYELLJbSWkVShUIxotfr3bSH1vbq6BJkzs3kN5kQjUbhnZ/ncbAiul+2WHjui9m8l6s0rpJQsFZXh4DLhUgkgm/Mr9bUYLu6mmtFIkFgaYnnaM9KBVCZrgz43tgI0WBAKBSCODuL5Y4OhNvaEG5uxueGBogzM+Uc8xtHAf60tODT4CBe9vTA1teHzd5ebHV342dnJzYYyNTUhOn6eizU1iLKJjoESLa34/fwMGJDQ/gllyPCYOH+fmwx0CYDBbu68INNFWxtxbZUehDg9XpRLBaPVaFQQCaT4SKjNao5FpBKpeD3+xGPx+Hz+eB2u2Fhb4GsVCr9H0DFRqORd87lcojFYnA4HDzO5/PIZrPweDyHAbRhFyKK4t5mm82Gd3YDHrxS4vbzy1A9GcWUYeJowK52AdRd9+YxHr1VYWFdwGrUCu3Hu7imlePs2CnNiQAa3263QzU1irmvLzAXmObnoLHdgtZ2hwAZ/ikTgBX93Q8g0fjJZBKXxs/AvP4a++39mkCA8g9Bz5hIJHYIsv8waYJ0Oo1z90/jqfUGJq1KXjz5QXlwAkEQsLi4CKfTeaTGhTFc1QzimfUm70yeYn4GBFCr1S72G+MkqSauYOReHx+b/PWHF3eo9h8NpaVzO3ihRAAAAABJRU5ErkJggg==",74
35,"data:image/png;base64,iVBORw0KGgoAAAANSUhEUgAAABAAAAAQCAYAAAAf8/9hAAAABGdBTUEAAK/INwWK6QAAABl0RVh0U29mdHdhcmUAQWRvYmUgSW1hZ2VSZWFkeXHJZTwAAAHvSURBVBgZpcG/S9RxHMfx5+fuq10d/SJKQ+rUaLoWw60bIoIgaKhBpDksDBFbCooQiqAlURCp/gIjHIQWa4h+QDRYtFhDqOEdSqCSelbfe79f+UUEg35Jj0eQxP8Ip7sGLxaONt+eLSsrAe7IHXNDLlyOzHAJmWHubKuOl8bGipeH7rT0R81HmvuqMtlUTYaNyC6VrQ/oj8qxUuXZRTZqOVaKFZFMXDtTx0Z19E6SiCRHEiIhEBACb0ZH+Z3DTU2YG4kICTOjrXeCNfc760kUCgV+ZXFxEa8YicjccIm7HTkIAgVc4k/cHTcnEcmFmxMCyFkhCCKfzzM/P4fEOgEQAXA3EpG74W6IVYEVgrH3Y/xkdBh7PURl+hPp3bUc2nwMOEVUiWPMjM57M6zpbashUSgUSEwNDzBXfMXBs+1sasiz/G6E7PMnPD5e1RHJHHen59weQCTcnfXGH/bQ3HqBzMen8OwmW7bvoCGXY/SDuiJ3x12AEwCxqrHxAKVSCQh8L02QqW2Ak5dYE3XvJe2hPiqOTz64MRi3uBlujpnh7lgc4+64REtmJ+W3j8gOt/NteZoysPAljaUpBUn8zYvWuu7qrdmr+3ZVoig1xcLnChMzaYu/6nqQxL942br/ytJs6XzaQs7SKgoGToxUbv0ALswWDRrf9Y0AAAAASUVORK5CYII=",71
36,"data:image/png;base64,iVBORw0KGgoAAAANSUhEUgAAABAAAAAQCAYAAAAf8/9hAAAABGdBTUEAAK/INwWK6QAAABl0RVh0U29mdHdhcmUAQWRvYmUgSW1hZ2VSZWFkeXHJZTwAAAJlSURBVDjLhZPfa5JhFMcH3dX/Meiuv8CBoRdjIvOieRUYmjkzmBaowXCbU9E5U5KhtmX7QbrpyF3UuhDRVFoXgnrhmJO2CSFELaIYw7FvzznU+uGqA+d9znuecz7v9zkPbx+APrPZ7F1YWGgnEgmsra0hlUohnU7zSu+UX15eRiwWez8+Ph6inh/Oj7m5uapYD/F/O45EIu96AIuLi12xnirMT/EvJxNK0QMgeWTX7j+D1pfHTf8r6AMlGB6UYQy9xu2Hb3iPLB6P9wKWlpbOAHrRfOuP5jvhn4DH8SfnA05OTrCzs4NGo4FarYZKpYKtrS2USiUUCgXkcrm/K/ie5MnPzs5ie3sbKysr8Hq9DOrctaCpVqHb7Z4/g/l5TqLdbmN/fx+7u7toNpuspl6vs1erVa55NH8OIBKN8mYmk0EwGMTBwQGrCQQCDEsmk/D7/awgEon2AsLhMAM6nQ729va42efzsVyPx4NyucwKCEK56enpj6Ojo/ckEsklBgSDoTMFJpOJVRCs1Wohn8/D7XbD4XDwkClXLBa5ZmhoyMsA38wMAzY2NmC321ERZ56YmIBCoYBOp0MoFILNZuNYNEGtVj8niMVi+cQAl8vVzRcKp2NjY3A6nQx4sbkJmUyGbDbLN0FXSUeTSqVQKpUXCTA5OXnEAPHV+tSU86tGcwMGg4EBGo2Gi+VyOYaHh9kpFrlTlUr1kgB6vf6w79eJXhYmZDfEsA5XV1c/rK+vQ/xoIGVWq5VjytEe1VDtb4D+/v4LAwMDVwYHB99qtdovRqPxSPjxyMjIdeFXRfyZcrRHNVT7DWZq3D+QvMywAAAAAElFTkSuQmCC",52
37,"data:image/png;base64,iVBORw0KGgoAAAANSUhEUgAAABAAAAAQCAYAAAAf8/9hAAAABGdBTUEAAK/INwWK6QAAABl0RVh0U29mdHdhcmUAQWRvYmUgSW1hZ2VSZWFkeXHJZTwAAAJpSURBVDjLfVLPTxNREP52C+mvbSKE2FYkkIiJioo9KMT0QKImnAwHPXjk1IPoxUsPaoiaSDw0MTEe/Cs4mWhVLGCDlWgwFCMJiYeCSGstu9ttt/vLeS9dLBCc5MvMezvzzcz3VnAcB8ys2xMOTp2GmU7DMU04lgXbMGA3ffvoKJw37xF8+0pAi7W5QWuR01Jos3vXNwzstX8EhslJbF3nyZyI+WbcdgCBuENAHx0qRm8vLEZCYN6q1yH098PWapTT+M8EDeNBvV6/X752HWpIQt3jgcFGVxT4Sr8RnplFiHIOJFi7d7fgaJra2d0t+ehs2zZcgYkYnz0eVbs8Urixh0BgSSsrK0OmaU6Hw+GIQh1rtRonYBBFEV6vlyOTyWzquj6WSCQ+7tKARk12dXVFZFmGpmmw6AUYGAFbQ1VVfh+LxSI0TXKfiJQUZ5OwziZTvdmdwSWrVqsIBoOgCeL7Vshms1ZPT49YLBZ5EVo0cM/5nzl8L36BrFWgaNtKRS0/efl46REXsUHP4ya3ejdeWs+iJH7DSPwCjnYex0x+OrSwPPdweOLIIb4CjVXe+aWbu7vjM//pxzucOzEIS7QwGL0CSzAwfOYiS7/pEsyz/ZnSbtdWlORfaBckXD15ize5c+kFjh0+y0Kf2HznqcXFxU2fz4dAILBLA0EQIKsV5DeymEqP829Tr8extvWVl3omJycxMDCwnsvl5NXV1fPRaFTq6OiAJElcdb/fj4r8h3SYRV+4DyWtgO3qFj4szUGu6E8Fd3dmqVRqiNZJkqhxQicTl564TJhfRlrRBXWM0kIEhfB84dlG8i8v6tBqmkd4owAAAABJRU5ErkJggg==",93
38,"data:image/png;base64,iVBORw0KGgoAAAANSUhEUgAAABAAAAAQCAQAAAC1+jfqAAAABGdBTUEAAK/INwWK6QAAABl0RVh0U29mdHdhcmUAQWRvYmUgSW1hZ2VSZWFkeXHJZTwAAAGXSURBVBgZBcHPi0xxAADwz3szfoxRGqzV7C6hVhwcJU6Ii5xxWBJFDuIitaX8FViExMVNIoe9IAeSH+vHJqsVOWBmlpmdNzPv++b5fKIcMLU5HMp2/xttLUrm5p+1bp5+DEQ5PhSz8ezs4LKypodKhs2E5v3o5JnfRLkPC7LrlbEBsY55P701Y70RX16U9h39E+XeXlh+cbWgLxXJJWp6lqibupceiN5szF6tKk+KbLVOoi3R1dNUNuvb/jiMrSxf8sCMr/oymUxHW+qXqt6pOOzp+2yJlo/m9HR05L6b1FSQbiuGDU11bX/l5sUSwbSb/qk5qFeI03jAiJqKIxZq6/nkqjreq0sV0x8LK+Me2WlASx9z2mIULRbE6ZOGQQes0BUEHcOWiuTWKUnfxent130SqSCV6olUlVTt8kW4HOXuXhs9tkZNQaJpXksiNaTn0fOwu0h67sWm+vbPGtYakiuoqGh4OJsdu9KJcpyvdm8M7a1oKNmhoGXay6fh5MRHohxw4nD3eLolL1ZD1g9T4VZ2Z6IL/wGvx8Nbuo22qgAAAABJRU5ErkJggg==",49
39,"data:image/png;base64,iVBORw0KGgoAAAANSUhEUgAAABAAAAAQCAYAAAAf8/9hAAAABGdBTUEAAK/INwWK6QAAABl0RVh0U29mdHdhcmUAQWRvYmUgSW1hZ2VSZWFkeXHJZTwAAAIQSURBVDjLjZPbbtNAFEVLvoNK/ENRv6W/guChbzwXJRJBDRIgVQglUjClddxUpCEF00RJE8fgXKBtZGzHud+vzWbOgE2gRdTSfrBn9jr7nPGsAFghsec20xrT+n90h8nj+pYAa+PxuD2bzS7n8zmuE1uH1+vdWoYsA9bJ3O/3MRgMXHU6HbRaLVSrVQ4xTRM+n8+FOOZbjHy/VCohnU4jmUwim81C13X0ej20223Yts0Bw+EQVMTv9/+E5HI5TyaTeZhKpRbNZpNvJFOj0YAkScjn8zxFrVa70hKfCTNvkHk0GoGkqiq63S5YO1yCIKBcLnNIvV7nBQzD+A1gZpGqKYrCo1JE0mQy4QDLshCLxfg8CEzzoP0uQJblCg2Geh/2WwiFQjw6GS4qOooXFl69OeQnQGBqj0AuIJF4XzHKu9BST9EzJeztBxGPx3FudZA4PUNKM7ATPsB0OuWpnIQugMUTbbMAw/yK/PckTvWPOLeLMCwbn5QznHzWIURivB0CkCiNC4hGoxu7EWGRN5I4+XaEY+0AcTUCtaigatexvfMaXwolnoBE5j8Aoih6gnsvHz1/+3hxXIhCLr3Dh8IhZC2GQCAANiNe1QE4cgHOj/Rg897m/pGAF8I2noWfICwFoRU09zj/1hUAvbCPi3/dg2t06QJ+Qe6yqANauImZ7e3x27sEWCXIDa6zI7r6qz8AeSLtQ3VwWP8AAAAASUVORK5CYII=",40
40,"data:image/png;base64,iVBORw0KGgoAAAANSUhEUgAAABAAAAAQCAYAAAAf8/9hAAAABGdBTUEAAK/INwWK6QAAABl0RVh0U29mdHdhcmUAQWRvYmUgSW1hZ2VSZWFkeXHJZTwAAAF6SURBVDjLjZO/S8NAFMe/l8Q0ASUUXRwK9R9wFDfdunV19Q9wcmg3/wHp4FLo4CA4Ce3o6OLWUZwKpbRLMdDFCKH5dd73SkvQkvTgeLnLe5/3vXfvhJQSu4xutyuDIEC73Rb5fQM7jizLMBwO/+1b+UWv1+soRZdCiGO1PFJzT33r4Hq9DsuyigFRFN02Gg1UKpWNc5qmehJimmYxgE6e5+GsX4VrZQgzHlfiwI7xdP5VroAOzCZMidaFgGVIENH5sPAdZeUAwzAQxzGECrSpVt0Qq0ygErKbAh5DqOC7dxWj0gtKEGSl5QAWiYCX009t18Wj9UxvK8DYBugHz3hN+hiNRnp9+PAINlzpLawBTedqlflkpcC/uUYVKFewrsF4PNZ2MpnozLPZbJOg9AgMYNdx0BJUq9U2CQoBvEYGzOdz2LYN3/fhOA4Wi4UG839hDVTf/4RhuJ9XwLdAy/5Qr1EWAqbT6f1gMGgul0sdmAMjSRK4rvv2F/ALQmi5wbpDa1QAAAAASUVORK5CYII=",36
41,"data:image/png;base64,iVBORw0KGgoAAAANSUhEUgAAABAAAAAQCAQAAAC1+jfqAAAABGdBTUEAAK/INwWK6QAAABl0RVh0U29mdHdhcmUAQWRvYmUgSW1hZ2VSZWFkeXHJZTwAAAGSSURBVCjPVVFNSwJhEF78Ad79Cf6PvXQRsotUlzKICosuRYmR2RJR0KE6lBFFZVEbpFBSqKu2rum6llFS9HHI4iUhT153n6ZtIWMOM+/MM88z7wwH7s9Ub16SJcnbmrNcxVm2q7Z8/QPvEOtntpj92NkCqITLepEpjix7xQtiLOoQ2b6+E7YAN/5nfOEJ2WbKqOIOJ4bYVMEQx4LfBBQDsvFMhUcCVU1/CxVXmDBGA5ZETrhDCQVcYAPbyEJBhvrnBVPiSpNr6cYDNCQwo4zzU/ySckkgDYuNuVpI42T9k4gLKGMPs/xPzzovQiY2hQYe0jlJfyNNhTqiWDYBq/wBMcSRpnyPzu1oS7WtxjVBSthU1vgVksiQ3Dn6Gp5ah2YOKQo5GiuHPA6xT1EKpxQNCNYejgIR457KKio0S56YckjSa9jo//3mrj+BV0QQagqGTOo+Y7gZIf1puP3WHoLhEb2PjTlCTCWGXtbp8DCX3hZuOdaIc9A+aQvWk4ihq95p67a7nP+u+Ws+r0dql9z/zv0NCYhdCPKZ7oYAAAAASUVORK5CYII=",81
42,"data:image/png;base64,iVBORw0KGgoAAAANSUhEUgAAABAAAAAQCAYAAAAf8/9hAAAABGdBTUEAAK/INwWK6QAAABl0RVh0U29mdHdhcmUAQWRvYmUgSW1hZ2VSZWFkeXHJZTwAAAKESURBVBgZpcFPaNZ1HMDx9+/Z79l8xubWhDVmppuynpJFS4nQ6UVDlCFh0EkQKaJ5t/KmJ0O6deiQHTrlQcjlaVGK+I/SyZwH10gtxT252WrP9jzff5/v5yveRJ5OvV5ZSon/I6eBz76bT1EVLxCj4kVxonx7aE3Gc3IacF4ZLrciqmgCiYmx61UayWnABMVHZX5RCDHRUWpi2SiN5DRQM4IXxQZFYsLlBZaM0EiejhxOPKVKCkIKQr3vU5xP2JAIoqwoRqo2cm9s03u+NnC6qW2Q2uMLZPbhgZynduwEVbIYyWJk6abiJGFcJEQoFRNvd52jtPKd01392+joG+Lfe68w/ePJE3kKQiYCNyZAArz+BsvGY4NS94rERG/reT4cmaPzha0s3LlNc+ZpX9lD26qXO/LkPJkIOAtBIAiLLuGCYpyyruVX9pan6ezfhaucork148/JaarO8U1TdUVBrQMRsA6sBe9ZrinWJ14qXGV08wSd6/dgZ78mK/5Dsa2dPFSolLdTMYZcjYUg4Bx4DyKICXQujrN/0206NryLffgVhaLgq33MXrzGeM8gq0rtmJol17oF78EYCAFCYCi/yO619+neOIL/6yRNzQm7uJZHl67z/eoh/qZAW3DYmqWQ6gZEwDqwjpm5CU7smyXSS+XWlyiW2sJqfhu/xdTgPuYVjDN48Zi6o6B1AyHAlq0wvI2p/A6vDX9Ey4NLzIxdZnJ8gV/OTjD6w36WiiXK3QNs7CkTxOOMIzu683jSICQnpBBpGTrDJx98DIXI5E9nmPn9AV9MH+OPhV66yz8jQYkSiaJoVLKUEs96f3uXebP/xfytV/tIRXfFzM0fHPl86i7/4QmxWH8VvTzD6wAAAABJRU5ErkJggg==",75
43,"data:image/png;base64,iVBORw0KGgoAAAANSUhEUgAAABAAAAAQCAYAAAAf8/9hAAAABGdBTUEAAK/INwWK6QAAABl0RVh0U29mdHdhcmUAQWRvYmUgSW1hZ2VSZWFkeXHJZTwAAAKLSURBVBgZBcFJaFxlAADg7/3zZkjbYBfTZIg1SNVCFjW2hgbUQwWXHkQDHkUPgkcdiuBFiEVvXoJ4kHiqiHhQLAUXqCjGiNGaSG1Ra9pqp5JI4tY0y5u3+n1R5xm7GgMmxVoAAgIAAgAgx5KptO143Bgw6fYjLX2HqNUJMVFEiIgCISJEqBEhQlWwdKbV+PiUWKyl7xCdGs0xalj5ib8WCIFaQKCGKFBVdPfQe5DeU60Y1OqELu6eAEyQbbB4mosfUawjoqoQ8e+fdN1ISVAiitlc5tyHXJ5lY5X6DoYe5+jr9I8DIrKMJCNPSYkFhIjNZc6/Q4iIAz2jjD7JzgEOP8/CNBdP08lJO2QFCUFAQHOMJ97mgVe47THWLvP5i7RngIPP0jdKp0OSk+WkxEqoEaG+g72D7B1kaILZV5l/k7J0bO5l68maN6oBjWSLrCAhCIjwz1k+eY75aTZWqW/nvpfovomZKUnWsa9n0FPlBWknIytJiQWEQBXYWqH9Bcvfaa39qqpyaZlJ80z/ngMGm4ddTzY8ujXnZGfEtpRYCRG1ivEXqHfT/lL+33kPDj+tqEpFWShVlq5ddce+e62nW460T/isIAahYu8I/WNAlUvOTSuq0pW/F2VlLi8zWZFZ61w3evP91rNNY3fOioGIrRWyTerbWb0kyRN5keu7YUBeFoqqtHytbU9308LVr/382/fe/4FYiipHwafHqO+kfdZWmTjxzWvSMpXkqf09w8b3P+TMlVk/Ls54d/cjDiQnxf4wZenblt4xulBk3HKXD7IRsoK0ICvc8/tborDNL5fmvLf7qFvbbRqmos7DdjWaJjW1lMiRIEWKBDnDQ6yr+Wq+MFCgYSpZcvx/t+Akg61CC8wAAAAASUVORK5CYII=",68
44,"data:image/png;base64,iVBORw0KGgoAAAANSUhEUgAAABAAAAAQCAYAAAAf8/9hAAAABGdBTUEAAK/INwWK6QAAABl0RVh0U29mdHdhcmUAQWRvYmUgSW1hZ2VSZWFkeXHJZTwAAALHSURBVDjLpZLtS5NRGMYf6H8RIoT8VB+CZaKUsHIGGYgRpYn4IVdgmhW+zNnUTTZwC6l9SahmDjNTLJdtTtO11tBiOed8mS9zbW5zm9szd56r5zxKtM8euODmuq/7d87hHAYAcxwxxwY86pudlPX/itTpnAeVPXZyS2UnN1XfSEW3jZR3zZHrnbPk2tOv5Kp8hpTIpom41ZoRt5mTFxuHfackqklGPeDypNKEiyYyYDPIUvo/HVARIMMrtn+AQDhFCh4MLDFNLxa4Pd7Qjvjg8bPYTXBw7xB4AgTeIMFaiGAjzGE7ymE/DawGWLQb1rG4EUVJ9yzH1GmdYHn0u+9RaD/44N1hEU1yWYOBGIckP+wLsug0rqN3IoJgPEUBYO6o7AJgYZNg2H4IobskWAiDoTjH94HNEAvlkA96cwRjrgxCsSNAuXxOALj8BD+3CAZmQlAYPMJudJDef2uXRcdrD55PhvBlKSPoH6Dk8bQA+M3f27nG4r3tD15NB/Fs1Ifl7SS8/iR0fN0/FcSb6QAs7hRmVo4ASh5QVG9BigfM+1iM/wjC5o6g3/gRis5u6PV6NMsUeGtywbYUhlxx6Cm6lBgaGcMVxRSYc3c/cwn+zSacQcyvxtHTq4darYbf78fy8jLMZjOUPWpotH1YXHQLntVqFTKXa2Rg8ipeendjKbIRTHCj4yY8bGqCY2EB7fIOiMViVFVVQaPRoLGxUaip19rWzlGI9H49Yehvyrs9FD5b9yl9RnKPNLfKBEDhE9OB6EIhTCYTHA4HLBYLBgcHcZ73LrWMxymguaWVZP3r3Nzcmurq6jAFlJaWjufn56eLioogkUgE0Zp6tEcBNJsFOMkv/ogupVIZNhgMIaPRCJ1OB6lUioaGBqGmHu3RDM1mAXJyck6IRKLTxcXFK5WVlfHa2tokL7asrOwGrwK+3qMe7dEMzf4FvOYAdxCFF/YAAAAASUVORK5CYII=",89
45,"data:image/png;base64,iVBORw0KGgoAAAANSUhEUgAAABAAAAAQCAYAAAAf8/9hAAAABGdBTUEAAK/INwWK6QAAABl0RVh0U29mdHdhcmUAQWRvYmUgSW1hZ2VSZWFkeXHJZTwAAAKRSURBVDjLhVNLTBNRFD3TTju1FCcBaxuaQEr94ydiZIHGpcFISBOi0YREZWHCVoyRxKUxxq0LXcACQyLsjO6KjSEiDfHDz0S0CLSxlFKd2g7MTDudGd+bMAQCxJucuXfuu+fcO/PeYwzDALVoNMqRuI3guq7rR4g/SEBC/Svxc8T3EUTD4bCGTcZQAUI+RvxLr9d70u/3o6KiAm63G3Qtn89DFEUkk0lks9lRkrvW3t6e2lCgRZFI5F0ikaDtjN1MVVVjYmLCGBoa6qccC7Z1kQafz4f/WSAQAGlyaXOOpQ+SNNUymQxcLhc4joPD4TBzkiRBEASkUimEQiGzdlcBlmWRy+WgKIr5Xi6XUSgUUCwWzTVN+IAzeOOde71orP0eAaOkbrDWf6Cw2+3mBLSYgny3KULXPOUY2BUB/hMd4IOn8XfhMGYjvU+2TECLLRLDMNA0zYw5JYa6Ghke/hyEn9/gZEqo3OuHp7qW3yJgESjoNPSdlb8gWCOCr29BMT0Ip5tBYnIWqlL6o8irzVsEaHcKSqQCen4cweok+FAblNRz2JxlODx1cEkzGWmVbTl7Z/jHhgCF1Z3GYjIKf+U8+ANhQn4Gm6OMUiGI9MhHg5Gl1sbu8UnKNc8B7Ui3ipxEcwvlpVFw6hz2N1xGabkXdqeBYqEOmfefEZWac4e6xz9Z22hbn+BmLBZbi8fjEBdG4NF/QdUDSM88hQ4FawKJR6cxLDZl86qzZdtdoDYwMBAkQg/2LL/ovNLVh++Dd7G0OAau9hTkrKgnnE39GW3f/Z6enpUdBSx7ePu4eq+zi4VNw+TbV0gsxFd5b9X5i4+mpnY63tsErl6okhvrfWzT0SAMR3FMXsnean08Pb/b/fgHqpjCspi90kkAAAAASUVORK5CYII=",4
46,"data:image/png;base64,iVBORw0KGgoAAAANSUhEUgAAABAAAAAQCAYAAAAf8/9hAAAABGdBTUEAAK/INwWK6QAAABl0RVh0U29mdHdhcmUAQWRvYmUgSW1hZ2VSZWFkeXHJZTwAAAGdSURBVDjLlZNLSwJhFIa1Rb8iIWhRQUlluuoftDEtC5TKSgINily1CmoT0kJBqwlSaBGBLVxItGgZQQQVFe3bKN7wOjqO2tucwRGvqAMPMzDf+8w5ZzgyADLhGhJQCWi6MCwwQBkJWVWg4jguVSqVKuVyGe0Q3sPtdruaJZJAQ+FcLgeWZWuk02kkk0lEIhFREg6H4fF4GiR0yUlABwqFAorFongnstksUqkUotGoKMjn86CPMAwjSloEFJYgAQUymQxisVhLS9WZyBsEQhu1A/RMfUutxONxsZJQKNRZ0Ey9hCqheSQSid4F9RJqh2ZCor4EBM/z4lxIQvQtoCp2HtexfW+CObAM062uu4BCElSBJWjEzc8Vrr8Y6L3zvQsoTKz6F+H7PAPz7oLRp8eodmSjp7/geDqG2b8Me9CK8zcnXK8O7AWsmDtUF9UHUw/1gr+2O8BzsPm3YLvbhPPlBI7nI6xc6jC9P/Gr3B0flHZhVpgyKwQ6LpPFtwaTdwmGCy0MpwsVWsD6ZVKQpNs6z9iV35PWsY/q6iso+w9crJoc0rRwaAAAAABJRU5ErkJggg==",13
47,"data:image/png;base64,iVBORw0KGgoAAAANSUhEUgAAABAAAAAQCAYAAAAf8/9hAAAABGdBTUEAAK/INwWK6QAAABl0RVh0U29mdHdhcmUAQWRvYmUgSW1hZ2VSZWFkeXHJZTwAAAIASURBVDjLpVPPaxNREJ6Vt01caH4oWk1T0ZKlGIo9RG+BUsEK4kEP/Q8qPXnpqRdPBf8A8Wahhx7FQ0GF9FJ6UksqwfTSBDGyB5HkkphC9tfb7jfbtyQQTx142byZ75v5ZnZWC4KALmICPy+2DkvKIX2f/POz83LxCL7nrz+WPNcll49DrhM9v7xdO9JW330DuXrrqkFSgig5iR2Cfv3t3gNxOnv5BwU+eZ5HuON5/PMPJZKJ+yKQfpW0S7TxdC6WJaWkyvff1LDaFRAeLZj05MHsiPTS6hua0PUqtwC5sHq9zv9RYWl+nu5cETcnJ1M0M5WlWq3GsX6/T+VymRzHDluZiGYAAsw0TQahV8uyyGq1qFgskm0bHIO/1+sx1rFtchJhArwEyIQ1Gg2WD2A6nWawHQJVDIWgIJfLhQowTIeE9D0mKAU8qPC0220afsWFQoH93W6X7yCDJ+DEBeBmsxnPIJVKxWQVUwry+XyUwBlKMKwA8jqdDhOVCqVAzQDVvXAXhOdGBFgymYwrGoZBmUyGjxCCdF0fSahaFdgoTHRxfTveMCXvWfkuE3Y+f40qhgT/nMitupzApdvT18bu+YeDQwY9Xl4aG9/d/URiMBhQq/dvZMeVghtT17lSZW9/rAKsvPa/r9Fc2dw+Pe0/xI6kM9mT5vtXy+Nw2kU/5zOGRpvuMIu0YAAAAABJRU5ErkJggg==",20
48,"data:image/png;base64,iVBORw0KGgoAAAANSUhEUgAAABAAAAAQCAYAAAAf8/9hAAAABGdBTUEAAK/INwWK6QAAABl0RVh0U29mdHdhcmUAQWRvYmUgSW1hZ2VSZWFkeXHJZTwAAAKoSURBVDjLpVM9TFNRFP7ubWvb1x+QQAtRIFaRmEakaYiGiJaAurioiYsxXXVxMHESB40TJI5OOihxq0sZTDBq6kANikAJNLSBAokQ29q/1x/69673PoSoMS6c5Oa8c979zv2+k3MIYwz7MYp9mvb3IBKJ9HB3T7BSFAXcW8Q3P/KvWOTHXC5XaBdDRDIajZ7jflyn03VYrVYQQnZ+cr9bTJjwyWQSxWJxg+dv9vX1fST81SEevLXZbKRWlLE++wlyfBO5+BZq5ZIK1BkkWGxtsNoPoePUaTCdHqurqxzGLpDl5eVZDu41m8148+QBVoLv/qv5aP8QBm/fR6lUEsznNF6vd2xtbU3vcDhw7IwHBTmrXqxXymC1GpdB0XnSDvfFw7C0n0XXwGUYG5pUOYlEQtJyBrnh4WFLuVwG7wEGvHeg0WjUIoVCAay+jVx4FJbWfjQVMjB1diEej6t3uIQkTafTU3a7HQaDQaUVi8WQSqWQzWZR4wwK3yZhanbD2uZCfuMDVhYDKrharQoWE9Tn8z3f1ScKCGr5fF59XU6uIL8+CUtzI+o5P2zOG6CJ99BpqcqCMxihCwsLOQEWIJE0mUzQ6/WglKC6NYmW7ivA9ldMv3wFc2MJJL2E2o95wS7l8XjyVJZlRXRTkiQIKep4Uop6JowDrAzLwSKUcgxgCur5zzjiuYvU/DhQyYyqd7mWkNPpvOX3+8O8H8hkMqCEoRD1obGjF0oxxLEluK91Q6ls8l5F0OI4D33osX5vEsnO6EmBQOCFVqu92lRbIhKR0XrcyF+d5lormHkd5kVOgGgaAOMlfHk2EmeKMkj+3sZgMNhO5x5u9Fx/Cg1d47OQ5ln2x/5pjN34vjiHyMQjH/nXOk+NuZOsrkhM4YsklmjvsD2PneWa+QnIJn6IP3aTNQAAAABJRU5ErkJggg==",99
49,"data:image/png;base64,iVBORw0KGgoAAAANSUhEUgAAABAAAAAQCAYAAAAf8/9hAAAABGdBTUEAAK/INwWK6QAAABl0RVh0U29mdHdhcmUAQWRvYmUgSW1hZ2VSZWFkeXHJZTwAAAIjSURBVDjLY/j//z8DJZiBqgb4dN1jDpnycL5Xx111z7a7/JVrnn8Aibs13DKrXv38t0/b3XkEXeDVdjetZOWzJx7Nd4y82+5McKm9pVm56tnPgK67a4n2glvjraicRU/vudTc5AzsurcmdOKDg3i9YGdnx52VlVXa2tr6bt68ef9ramoeJqXnXwHJ5eTkSAD5d0HiIHmQOpB6uAFGRkZsPj4+XRMnTvz/4sWL/3fv3v1/8ODB/42NjfdACqqrqw/dvHnzB0j8yJEj/0HqQOpB+sAGGBoa+hUXF3+4evXqu4iIiG3e3t5/UlNT/0+aNCkPpCA/P/8/iA8SB8mvWLHiIUg9SB/MBV1NTU3fJ0+enA5U+Mne3p5j7969HOfOneMAKTh06BDH2rVrOYDiakD5JyB1IPUgfWADdHV1M9PT099PmzatJCgoaKejo+MvNze3/4GBgf9BCoC0PogPEgfJg9SB1IP0gQ3QBAJfX9/rvb2971etWvV23bp1/6dPn/6/sLAQbEBFRQWYDxIHyYPUgdSD9IENUFNTYwY6z8DLy+t+SkrKl+zs7O9A/DM8PDwOpCAhOfc6kP8JJA6SB6kDqQfpw5kOPKtvHHTIu7JGL/wMZ0DzrXvaIaejiM4LTgVX1yZOuvdTN+yMplHk+QmaIaeNAhpuPlEPPJFG0ACr9Ivz4ife+60TesYMxA9tu/UBqJFfPeCEulHk2fmqfseZqZ4bAf27e9aCOQHGAAAAAElFTkSuQmCC",5
50,"data:image/png;base64,iVBORw0KGgoAAAANSUhEUgAAABAAAAAQCAYAAAAf8/9hAAAABGdBTUEAAK/INwWK6QAAABl0RVh0U29mdHdhcmUAQWRvYmUgSW1hZ2VSZWFkeXHJZTwAAAKbSURBVDjLfVPfS1NhGH7O2THJubmtWUZrYNGFzELRsggLFSUJqosuxaCiy7rsHwiJiDYvCykvC68qIiSsXVgU1NTIZkpZmgulnL82d35+ve+3TTCqb7zfe87O9zzv8/74FCEE/rcSicQ9y7K6TNPUyIO8NMMw2N9X/kUwNjZWQYA+n893trS0DDqB4DiQpwnj9/swOPgU2t/Ao6OjJxgcDAZ3ud1uTH+dA0d3HAFHOEQkYBOZruvQksmkbtv2FjJ5qCiTfTqd/lMyFhfTROSgvaNT/qcxOBQKY2lpWUYX/BOsUkjjF4qJgL8Cjx89RKS2Xkbnb1IBszL4al+CjilQFNrzm/RsqysruHHpoIw4kngNVrvz5Om8ApbKUfmgP7ANqqpCIVMLxs9MIJx8xNoDjfJZFGqgsgJ6JwIVLpdrk6kFz+v2yHl88PZj3j2Fu0sxmZZUYBbao6gKXJq2EV16ToE8r5xlIhSswZP3NzFjeaUKScAbF4RT4IjV28tk/l+yF2E6VH3HQjBiodK7DzVVTVjNZZD+/oYIM7IrkkAt5Mn2eTI/C+F6A+2Rc7Cp77Zjg0cotTyL/aGjWDPWcfnZMTSY3XmCkhIN1y/UyfaYpoVsVkf/lCHB335NkRKaD1Jj2iZW9FXU7W7GmpnF0PodaFTJW/H48+PFQSEf8Hg81Tk7B8u2sMMbJrAtyX4szyBQXoXE7EuMp5Komz+DTXeht7f3CpGcOtR0pDU23o2coVMNDMrXwN5gBIf3dODtzCsMTwyj/mcntuqeiQ2CWCxWSS1baGlpQ7nHQ6NsQ3OpRBrNRKPR8tpraqYx3FoWnxyaMxy0pXrEJ8ZtXCaSvkj2bmDgQUNx/gv34iN/zxoCLybjWHfQvNAjpou43xdyww7T9h6SAAAAAElFTkSuQmCC",92
